Aaron,2|13;6|22;10|27;7|1
Abachuch,1|15
Abbanus,3|16;10|27
Abbo,4|15;12|3
Abbon,11|13
Abel,8|5
Ablebertus,1|15
Abraham,10|6
Abrahamus,6|15
Abrunculus,5|14;4|22
Abseodus,7|29
Abundancia,12|26
Abundius,4|2
Abundus,8|26;2|27;12|10;8|27;7|11
Acca,10|20
Achacius,6|22;6|23;6|7
Acharius,11|27
Acheolus,5|2;5|1
Achilles,5|12
Achilleus,4|23;5|18
Achius,5|1;5|2
Acisclus,11|17
Acontius,9|5;7|25
Actinea,6|16
Adalbero,10|6;12|14
Adalbert,6|3
Adaldagus,4|28
Adalferius,4|12
Adalgarus,5|9
Adalgisus,10|6;6|2;10|7
Adalgotus,10|3;1|17;11|1
Adalhardus,12|26;1|2;4|20;2|9
Adalheidis,12|17;12|16;2|5
Adalpretus,3|8;3|27
Adalsindis,12|25;12|24
Adam,6|3
Adamnanus,12|27;1|31;9|23
Adegrinus,7|2
Adelaide,6|27
Adelaidis,5|23
Adelarius,4|20
Adelesmus,1|30
Adelindis,8|21;8|28
Adelphius,9|1
Adeltrudis,11|14
Adeodatus,7|2;6|26;6|27
Aderaldus,10|20
Aderitus,9|27
Adfridus,10|26
Adilia,6|30
Adjutor,11|19;4|30;12|16;6|26
Adolph,6|12
Adonis,12|16
Adorator,3|3
Adrian,9|10;6|17;9|8;9|9;1|9;9|18;3|1;3|4;9|7;9|6;7|22;11|14;7|21
Adventor,11|20
Aelredus,1|12
Aengussius,3|11
Aerchus,4|16;11|2
Aetius,4|4;8|14
Africanus,5|1;1|15;2|8
Afrodisius,3|22
Afronia,7|15
Afrus,8|5
Agabius,9|10;8|4
Agapa,2|15
Agape,8|8
Agapitus,4|17;9|20;8|18;3|16;4|20;4|22;8|17
Agatha,2|5
Agatho,1|10;6|27
Agatimbrus,5|11
Agentus,1|11
Agericus,12|1;4|11
Agilberta,8|11
Agilbertus,10|11
Agilofus,7|9
Agilolfus,3|31
Agilus,8|30
Aglibertus,6|24;3|6
Agnellus,12|14;7|30
Agnes,8|28;9|2;1|21;1|27;1|28;5|13
Agnis,3|6
Agnus,8|19
Ago,8|18
Agoardus,6|24
Agobardus,6|6
Agratus,10|14
Agricola,11|4;12|2;2|5;4|28;11|27;3|17;10|20
Agricolus,9|2;2|26;8|28
Agrippanus,2|1
Agrippina,6|23;5|24
Agrippinus,11|9;6|17;1|1
Agritius,6|13
Aibertus,4|7
Aibeus,9|12
Aidanus,8|31;11|2
Aidus,11|10
Aigulphus,5|22
Aimo,10|23
Airaldus,1|2;3|11
Alan,12|27;11|25;7|16
Alaricus,9|29
Alban,6|30;3|1;10|23;9|6;10|25;3|2;9|15;6|22;6|21
Albericus,1|2;11|14;1|26;8|5;8|29;10|28
Albert,5|20;8|14;7|4;7|8;8|7;5|7;4|8;9|1;9|14;11|23;11|24;12|29;2|1;4|5;8|15;1|7;10|25
Albertinus,8|31
Albina,3|31;9|23
Albuinus,2|5;5|13
Alchas,9|28
Alchmundus,9|7
Alcuin,5|19
Alda,4|26
Aldabertus,6|20
Aldegrinus,6|4
Aldegund,1|30
Aldegundis,5|26;6|20;11|13
Aldegundus,6|6
Aldelmus,5|5
Aldemarus,7|4
Aldericus,6|15;10|10;1|7;6|6;2|6
Aldobrandus,5|1;8|22
Aldus,1|10
Aleid,6|11
Alena,6|17;6|19
Alethius,7|11;10|25
Alexander,6|4;9|17;8|15;11|15;8|26;10|27;11|26;9|21;11|14;7|10;6|6
Alexandrus,5|4;5|31;10|5;3|10;12|17;2|4;4|24;3|28;5|29;2|26;2|9;3|19;1|11;4|28;5|3;3|20;5|13;10|1;3|18
Alexis,7|20;6|17;7|16;4|6;7|17;6|21
Alfardus,2|15
Alfricus,8|28;11|16
Alfwoldus,3|25
Allemannus,4|4
Allocus,12|23
Allucius,10|23
Almarus,11|7
Almedha,8|1
Almerius,5|16
Almirus,9|11
Alnotus,10|29;11|25;2|27;10|30
Alodia,10|22;10|21
Alodius,9|28
Alorus,10|27;10|26
Alpertus,9|5
Alphius,5|10
Alpidis,11|3
Alpinianus,4|26;4|27
Alpinus,9|7
Altfridus,8|1
Altigianus,8|23
Altinus,3|16
Altmannus,8|8
Alto,2|9
Alvarius,1|2
Alvera,8|24;3|9
Alveus,9|11
Ama,9|24
Amabilis,6|11;11|1;10|19
Amadeus,1|28;8|10;8|27;3|30
Amalberga,9|26;12|12;7|10;10|22
Amandinus,11|7
Amandus,6|16;4|13;1|17;5|16;6|18;9|20;10|10;10|26;11|13;11|18;2|12;7|15;2|7;2|6;10|27
Amantius,4|6;5|16;4|8;9|26;2|10;2|7;2|6;6|10;11|4
Amaranthus,10|11;11|7
Amarinus,1|25
Amasius,1|21;7|23;1|23
Amatius,8|31
Amator,11|26;8|20;5|1;4|30
Amatus,10|19;4|29;5|8;9|13
Ambertus,9|30
Ambrose,8|27;4|4;9|3;10|16;11|2;11|20;11|30;12|7;12|16;8|28;2|21;4|3;5|2;8|16
Ambrosinianus,9|1
Amelius,10|12
Ameltrudis,8|30
Amicus,11|2;7|14;10|12
Ammonius,1|19
Amnnichadus,1|30
Amor,8|17;8|9;10|8
Ampelius,7|8;5|14;10|4;2|8
Amulwinus,2|7
Anacetus,9|12
Anacletus,4|26;7|12;7|20;7|13
Ananus,1|16
Anastasia,12|2;12|25;12|19;10|28;4|15;1|15;7|5;12|9
Anastasius,9|7;8|26;8|21;8|17;5|28;5|20;4|27;1|23;1|22;1|7;5|30;5|12;6|29;4|18;12|20;12|19;10|16;10|13;9|12;10|11;5|11;1|11
Anatalo,9|25
Anatolia,7|9;7|10
Anatolius,9|24;10|21;1|30;2|3
Andeolus,8|3;8|12;5|1;5|2
Andochius,9|28;9|24
Andrea,2|28;1|13;2|1;2|6;4|22;4|18;2|26;1|19
Andrew,11|30;4|11;5|11;5|22;5|9;12|10;8|25;11|29;12|7
Angadrisma,10|14;3|27
Angelbertus,10|18;2|18
Angelemus,7|7
Angelina,6|29
Angelinus,10|28
Angelramnus,10|28;12|9;9|9
Angelus,6|15;5|5;5|8;7|5;8|19;2|6;2|14;4|12
Anianus,6|14;12|7;9|5;4|25;11|17;6|10;10|16;11|16
Anicetus,8|12;9|2;4|17;4|16
Ann,7|19;7|27;7|28;7|20;9|16;8|16;8|4;9|9;7|31;8|2;7|26;7|24;8|13
Annarius,11|1
Annemundus,9|28
Annianus,11|15
Anno,4|29;12|5;12|4;5|23;1|7
Ansanus,12|1
Ansaricus,9|5
Ansbaldus,7|12
Anscharius,2|3;2|4;9|9
Ansegisus,8|20;7|20
Anselm,4|21;3|3;3|18
Ansfridus,5|3
Ansilio,10|11
Ansovinus,3|13
Anstrudis,10|17
Ansulfus,8|7
Ansutinus,10|16;10|17
Answerus,7|24;7|18;7|15
Anthelmus,6|26
Anthemius,12|3
Antherus,1|3
Anthes,8|28
Anthilia,9|25;9|24;2|15
Anthimus,2|14;5|11
Antholianus,2|6;5|15
Anthony,5|2;5|10;11|13;10|31;8|23;9|4;9|3;9|2;10|11;2|14;5|18;10|13;10|15;9|30;7|4
Antidius,6|16;11|14;6|25;6|17
Antilia,2|15
Antimus,2|21;4|27
Antiochus,10|15
Aper,9|15
Aphra,3|2;5|24;8|5;8|8;10|26;5|4;8|7;7|27
Apianus,11|6;3|4;10|29
Apollinaris,7|23;10|6;4|11;11|27;10|5;8|23
Apollonia,2|11;2|20;2|9
Apolloniea,3|10
Apollonius,7|7;4|18;7|8;4|10;4|14;3|8;7|23;7|27;11|16;3|19
Apothemus,11|20
Appelicus,4|21
Appia,11|22
Appianus,1|19;11|6
Apra,12|13
Aprincia,6|22
Apronianus,2|2
Aprunculus,5|14;4|22
Aprus,12|4;12|11
Apselius,8|4
Aptonius,10|26
Apulejus,10|6;10|7;10|8
Aquilinus,2|15;10|19;2|4;5|16;1|29
Aquilla,7|8
Aquilo,10|19
Arator,11|10
Arbogastus,3|29;7|20;7|21
Arcanus,9|1
Archadius,8|1
Archangelus,7|5
Archlaus,8|23
Archontius,6|18
Arcontius,1|19;1|8
Ardagnus,2|11
Ardo,3|7
Arealdus,9|1
Aredius,5|17;8|25;8|26
Areta,10|1
Argimirus,6|28
Arialdus,6|27
Arilda,10|30
Arimalis,10|9
Aristeus,9|3
Armagilus,8|16
Armaglia,10|24
Armentarius,1|30
Arno,7|13
Arnold,7|18;7|17;6|30;10|31;11|15;1|29;2|7;8|15;7|24;7|19;11|17;3|8;10|3;8|16
Arnulphus,9|19
Aroncius,8|27
Arsacius,6|17;11|12
Arsenius,5|18
Arsenus,7|19;7|18
Artaldus,10|6
Arthelaidis,3|3
Arthemius,1|24;4|28
Asaph,5|1
Ascelina,8|23
Asclepius,1|2;12|23
Asclinus,6|30
Asicus,4|27
Aspasius,1|2;1|1
Asprenus,8|3
Asteria,8|10
Asteriolus,8|18
Asterius,4|20;9|16;10|21;10|30
Astius,7|7;7|6
Athala,12|3
Athanasius,10|13;11|1;1|26;7|15
Attalenus,7|6
Attalus,11|18;4|3;8|21;3|9
Attilanus,10|5
Atto,5|22
Auctor,8|10;8|9;8|20
Audax,7|10;7|9
Audentius,11|24;11|25;12|3
Auditus,6|3
Audoenus,3|20;3|31;5|5;5|21;8|25;8|31
Audomarus,9|9;9|17;6|7;6|8;9|10
Augencius,1|11
Augia,5|14
Augulus,2|7
Augurius,1|21;2|21;2|13
August,10|7
Augusta,3|26;3|27
Augustales,9|7
Augustinus,9|6;8|8;5|5;2|28;5|26;8|3;8|27;8|28;9|4;2|27;10|11;10|17;11|16;11|17
Aulus,3|29
Aunacharius,9|25
Aunobertus,1|5;5|16;9|3
Aurea,7|19;8|25;8|24;10|4;8|26;8|27
Aurelia,10|14;10|15;9|2
Aurelianus,5|6;5|22;6|16;7|4;5|8
Aurelius,8|27;11|9;4|26;9|13;10|20;7|27
Auremundus,9|28;7|9
Auria,3|11
Ausiacus,10|25
Ausonius,6|11;5|22
Auspicius,8|2;7|8;8|9;7|28
Austendus,7|27;9|25
Austreberta,2|10;10|20
Austreburtus,6|5
Austregisilus,5|20;5|23;5|28;5|27;2|15
Austremonius,2|1;5|23;11|1
Austrulfus,9|14
Autarius,4|26
Autbertus,12|13;6|16;9|10;9|6;7|19;6|18
Autbodus,11|21
Auxanius,9|3
Auxentius,4|17;2|15;2|14
Auxilius,1|26
Auxillia,9|4
Ava,4|29
Avantius,11|3
Avatia,6|20
Avelina,2|28
Avenantius,7|14;5|18
Aventinus,2|4
Avertanus,2|25
Avertinus,5|5
Avia,10|21;5|2
Avitius,6|23
Aya,4|18
Aycardus,9|15
Aygulfus,9|4;9|3
Azaria,12|17
Azenor,12|7
Babolenus,6|26
Bacchus,10|7;10|6;9|25;10|8
Baculus,1|29;8|27
Badilo,10|8
Badulfus,8|19
Bainus,6|20
Baitheneus,6|9
Balbina,3|31;10|6
Baldegundis,2|10
Baldomerius,2|27
Baldredus,3|6
Balduinus,8|11;12|31;8|21
Baldus,12|9;10|29
Balsamia,11|14
Balsemius,8|16;8|15
Balthasar,1|11
Baltherus,3|6
Baltramnus,1|18;8|18
Bandaridus,8|1
Bantus,7|31
Baptista,6|2;5|31
Barachius,9|21
Baractalis,10|9
Barbara,9|2;12|5;12|10;2|12;4|18;7|8;12|11;12|4;12|16
Barbarius,11|25
Barbarus,5|14
Barbatianus,12|31
Barbatus,2|28;2|19
Bardon,6|10
Barnaby,6|14;6|12;6|10;6|11;6|18
Barnitus,1|5
Barontus,3|25
Barsabias,10|20
Bartholomeus,6|24;7|1;6|2;6|17;8|24;8|19;8|23;10|25;3|18;4|21;8|31;6|13
Bartholus,6|14
Bartolus,12|13
Bartus,10|6
Basil,3|6;12|31;2|12;10|29
Basilianus,2|11
Basilica,11|18
Basilidis,5|20
Basilissa,1|8;12|5;1|9;1|7;4|15;2|7
Basilla,6|11;9|22;5|20
Basinus,3|4;7|14
Baso,5|7
Basolus,11|26;10|15
Bassianus,10|16;1|19
Bassus,12|5
Batildis,2|26;1|31;3|17;1|30
Baudelius,5|20
Baudimius,1|2
Baudinus,11|7
Baudolinus,11|10
Baumadus,8|4
Baumirus,11|3;11|4
Bavo,10|1
Baya,11|3
Beanus,10|26
Beatrix,1|29
Beatus,7|26;5|9;2|19
Bede,5|28;4|10;5|8;5|27;5|22;6|6;5|26
Bega,9|6;10|31
Begga,12|17
Bellina,9|8
Bellinus,11|26
Bellus,1|23
Benedick,7|11;5|7;11|10;11|12;3|25;7|17;12|4;10|2;7|15;10|1;3|21;10|22;10|23;10|30;7|18;3|28;4|14;2|12;2|17;2|11;3|11;1|20;5|4
Benedicta,10|8;1|4;8|17;6|27;3|16;5|6
Benevenuta,10|29
Benevenutus,5|5;6|27;3|22
Benigna,6|20;8|18
Benignus,11|24;7|21;7|26;4|3;11|9;11|19;11|20;11|3;11|22;12|13;12|12;11|29;11|2;7|17;6|28;5|1;4|26;3|20;2|27;2|17;2|13;2|12;1|24;11|8;11|1
Benildis,6|15
Benincasa,1|10;5|9;9|4;5|8
Benno,6|16;8|3
Beoanus,4|21
Berachus,2|15
Berardus,11|3
Berarius,10|17
Bercharius,3|26;10|16
Beregisus,10|2
Berengarius,5|26;10|2
Berengarus,5|14
Berikertus,12|16
Berlend,2|3
Berlendis,3|17
Bernadina,9|21
Bernadus,7|15
Bernard,1|22;6|15;5|28;1|14;7|31;12|17;12|19;12|4;11|15;10|14;8|27;8|26;8|25;8|21;8|20;8|19;8|12;7|20;7|15;5|15;5|8;4|25;4|23;4|19;4|14;3|12;1|23
Bernardinus,5|27;5|20;5|17
Bernerius,11|20;10|16
Bernulfus,3|24;7|19
Bertarius,10|22;7|6
Bertellinus,9|9
Bertewinus,9|8
Bertha,3|24;10|11;5|1;7|4;6|25
Berthaldus,6|16
Bertholdus,3|29;10|21;6|20;11|1;7|27
Berthwald,1|22
Bertichamus,4|6
Bertilia,1|3
Bertilla,11|5
Bertilo,3|26
Bertinus,11|2;7|16;9|5;7|17
Bertoara,12|12
Bertramus,5|31
Bertrandus,10|15;10|23;6|6;3|1;10|16
Bertrannus,1|24
Bertuin,11|11
Bertulfus,8|19;3|9;2|5;8|10;11|18
Berwardus,8|16;11|20;11|14;11|4
Beryllus,3|21
Bessus,12|1
Betarius,8|2
Betesus,4|22
Bettonus,2|24;10|27
Bettus,8|14
Bevignatis,5|14
Biaballus,7|12
Bibiana,12|2
Bilfridus,3|6;9|6
Bilhildis,11|27
Bilius,6|23;6|24
Birinus,9|11;12|3;9|4;12|10
Birnstanus,11|4
Blaanus,8|10
Bladulfus,1|2
Blaesilla,1|22
Blancardus,3|10
Blanda,6|10
Blandinus,5|1
Blase,6|22;2|3;11|29;2|10
Bleithmacus,12|6;1|19
Blevileguetus,11|7
Blidramnus,12|22;1|22
Blidulfus,1|2
Blitarius,6|11
Blithmundus,1|3
Boal,4|16
Bobinus,1|31
Bobolinus,5|26
Bodo,9|11
Bodoaldus,6|25
Bodogisilus,12|18
Boenicus,9|28
Boetius,12|7;10|23
Bolonia,10|16
Bona,5|29;9|18;9|12
Bonaventura,6|10
Bonaventure,7|14;3|14
Bonavita,3|1
Bonerus,2|8
Bonfilius,9|27
Boniface,6|12;6|5
Bonifacius,10|4;12|29;10|13;2|19;3|16;9|4;5|14;11|30;11|1;5|25;5|8
Boninus,5|15
Bonitus,6|23;1|15
Bonizella,5|6
Bonmercatus,6|19
Bononius,8|30
Bonoparus,10|29
Bonosa,7|15
Bonosius,5|14;2|17
Bonus,8|1;2|27
Boris,6|9;5|28;4|28;3|1;7|30;7|20;7|23;7|26
Bosa,11|2;3|9
Bosilus,7|8;9|9;1|23
Boso,12|4;3|4
Bosolus,10|15
Bossianus,9|1
Botulfus,3|9
Botulphus,6|17
Botvidus,7|28
Bova,4|24
Bovus,5|21;1|2;5|22
Brachio,2|9;9|15
Bradanus,10|20
Branus,5|18
Braulius,3|18;3|26
Breccanus,5|7
Bregwinus,8|24;8|26
Brendan,5|17;5|16
Brettiva,1|11
Briandus,5|4
Brice,11|14;11|13
Bricsius,7|9
Bridget,7|27;7|20;5|28;10|8;10|7;7|24;9|12;7|23;10|6
Brinolphus,2|6;8|17;8|16
Briocus,5|1;10|18
Brithunus,5|15
Britonius,5|5
Brocardus,9|2
Bronus,6|8
Brothenus,10|18
Brugacius,11|1
Bruno,10|6;6|19;5|27;10|11;7|18;2|8;2|14;10|15;4|14;11|11;8|31;5|17
Budocus,12|9;11|19
Buldus,9|24
Burchardus,10|14;10|13;8|20;10|12;10|11;3|4;10|6
Burginus,11|17
Burgundofara,8|3;5|10;4|3;12|7
Buriena,5|29
Cadfarchius,10|24
Cadocus,1|24;9|21
Cadroe,3|6
Caducanus,6|17
Caesar,4|15
Cagnoaldus,9|4;9|6
Caidocus,10|25;5|30
Calamanda,2|5
Caletricus,10|8
Caletrix,9|4
Calimerus,7|31
Calixtus,10|14;8|27;3|3;4|9;8|11;8|14
Calminius,8|19
Calocerus,2|11;1|16;5|19
Calogerus,6|18
Caluppanus,3|3
Calvus,3|20
Camelianus,3|22;7|28
Camella,9|16
Camilla,3|3
Camillus,7|14;7|18
Candida,10|3;10|22;12|2;8|29;9|4;12|1
Candidus,12|2;10|3;6|7;12|1;3|18;2|3;5|23
Canionus,5|25
Canna,10|25
Cannatus,10|15
Canneria,1|28
Canocus,11|18
Cantia,11|20
Cantianilla,4|13;6|14;5|30;5|31;4|1
Cantianus,4|13;12|18;5|31;5|30;4|1;6|14
Cantius,4|13;5|31;4|1;6|14;5|30
Canute,7|17
Caprasius,10|6;6|1;10|19;10|20
Capuanus,10|25
Caradocus,4|13
Caranus,12|23
Caraunus,5|28
Carissima,9|7
Carissimus,4|19
Carneus,11|15
Carpoforus,8|20;8|7
Carponius,8|27
Carpreus,11|1
Carpus,4|13
Carthacus,5|14
Cartherius,2|1
Carulus,7|21
Carus,4|29
Casaria,5|8;2|4;12|8;12|9
Casilda,4|9
Casimirus,3|4
Cassianus,7|14;8|13;7|16;2|1;12|3;7|23;8|5;8|12;12|1
Cassius,6|29
Castor,2|4;9|28;9|21;10|14;2|13
Castrensis,2|11
Castritianus,12|1
Castula,1|25
Castulus,11|30;3|26;3|27
Castus,10|6;7|1;5|9;5|22;7|5;9|30
Cataldus,3|8;5|10
Catellus,1|19
Catervalus,11|10
Catharine,9|5;3|9;9|14
Catherine,11|25;5|12;2|2;5|4;3|13;12|2;7|5
Cautinus,10|11
Caynicus,10|11
Ceadmannus,2|11
Cechardus,6|16
Cecilia,11|21;11|29;11|22;7|23;8|17
Cecilius,2|1
Cedd,3|2
Cedda,10|26
Celestinus,4|7;10|12;4|6;5|19;4|5;4|8
Celestus,10|14
Celidonius,3|3
Celinia,10|21
Celsinus,10|25
Celsus,11|21;11|6;6|12;4|18;2|23;1|4;8|7;5|10;7|29;7|30;7|27;7|28;4|6
Cendenus,6|16
Censurius,6|10
Centolla,8|13
Centurinus,9|5
Ceolfridus,9|25
Ceolvulfus,1|15
Ceratus,4|24;6|6;3|11
Ceraunus,9|27
Cerbonius,10|10;10|14;10|15;10|17
Cerealis,5|29
Ceronna,11|15
Certesius,5|10
Cesarius,8|27;11|1;11|2;11|3
Cesidius,8|31
Cessator,11|15
Cestus,5|22
Chadus,7|5;12|28
Charity,7|1;5|10
Charlemagne,8|4
Charus,7|26
Chelidonia,10|13;7|13
Chelidonius,3|3
Childemara,6|19;10|25
Chlodesindis,6|30;7|25;7|24
Chlodulfus,6|8
Chlodulphus,12|11
Choca,6|6
Chremes,8|6
Chrestus,7|3
Chrispianus,10|26;10|25
Christantianus,5|13
Christian,10|22;11|22;4|7;4|24
Christiana,9|7;7|26
Christine,6|22;7|24;7|25;2|14;4|8;5|10;7|19
Christopher,6|5;7|10
Chromatius,12|2
Chrysantianus,2|17
Chrysantus,5|15
Chrysogonus,11|14;11|24;2|27;5|31
Chrysolius,2|7
Chrysopolitus,5|12
Cilia,7|15
Cilinia,10|21
Cissa,10|31
Citronius,11|19
Cizius,8|16
Clara,10|2;8|4;8|18
Clare,8|12
Clarentius,4|25
Claritus,5|25
Clarus,1|2;1|1;7|17;8|28;11|5;11|4;10|10;11|8;6|1
Clateus,6|4
Claude,1|8;2|21;10|30;12|3;12|1;6|6;6|1;8|12
Claudianus,3|6;4|5
Clement,1|20;4|19;10|17;3|5;1|23
Clementia,3|21
Clementius,6|5
Cleonicus,7|24
Cleophas,9|25
Cleta,9|24;9|23
Cletus,5|7;7|12;11|28;5|27;4|26;10|12;10|24
Clinius,3|30
Clintancus,8|19
Clodoaldus,9|7
Clotarius,4|7
Clotilde,6|3
Coemanus,11|3
Coenlaidus,5|3
Coledochus,11|5
Coledocus,10|7
Colianus,2|7
Colmannus,10|16;10|30;10|29;10|27;2|18;11|24;2|3
Colmocus,6|6;6|7
Colomannus,10|20;10|13
Columba,12|23;7|20;6|9;5|20;5|1;12|17;12|13;12|31;11|21;10|29;9|17
Columbanus,10|19;11|23;2|15;2|20;3|9;6|9;10|24;11|20;11|18;11|21
Columbianus,9|18
Columbkille,6|9
Cominius,5|1
Comitassa,9|8
Communis,2|8
Compagnus,10|8
Conchenna,3|13
Concord,12|16
Concordia,2|18
Concordius,1|1;2|25
Concordus,6|4;12|10
Condedus,10|21
Condilucus,11|6
Congallus,5|10
Conganus,2|27;10|13
Conhoiarnus,1|15;1|25
Connidrius,11|17
Cono,3|28
Conoganus,10|15
Conon,6|5
Conrad,8|7;11|26;5|2
Consolata,9|6;12|5
Consortia,3|13;6|22;6|10
Constabilis,2|17
Constance,2|18;9|24;9|19
Constanius,9|18
Constant,10|5
Constantianus,12|1
Constantine,5|14;2|25;1|30;2|12;1|29;9|23
Consulis,7|7
Contardus,8|28;4|16
Contextus,1|19
Contus,2|10
Conus,6|3
Convallus,5|18;9|28
Convoio,12|28
Convoion,1|5
Copris,7|9;12|16
Corbianus,9|8
Corbicanus,6|26
Corbinianus,9|7;9|10;11|20;9|9
Corcodemus,5|4;5|18
Corcunutanus,11|3
Cordula,6|1;10|22;9|7
Corentinus,12|12
Cormacus,6|21
Cornelius,9|14;9|13;9|20;9|16
Cornibutus,6|30
Corona,2|20;5|14;9|18;4|26
Corpreus,3|6
Cortilia,1|23
Cosma,10|22;9|2;10|2
Cosmas,9|10;9|27;9|26
Craphaildis,11|12
Crato,2|15
Creatus,6|6
Crementius,4|16
Crescens,12|29;6|27
Crescentia,8|19;3|10;6|15;6|13;3|8
Crescentiana,5|5
Crescentianus,5|31;6|1;11|27;8|4
Crescentio,9|16;9|17
Crescentius,4|26;11|29;5|4;4|19;9|14
Crescentus,5|28
Criscinus,12|30
Crispianus,7|30;10|25;6|20
Crispin,10|25;11|14;7|30;6|20;10|26
Crispina,12|5
Crispulus,6|10;5|30
Crispus,10|5;8|18;10|25;10|4
Cronanus,2|9;4|28
Croscius,10|24
Ctesiphon,4|1
Cuannatheus,2|4
Cucufatus,2|15;7|26;7|25;4|9
Culanus,2|18
Culmatius,6|19
Cuminus,12|12
Cunegunda,3|6
Cunera,10|29;6|12
Cuthbertus,9|4;3|20;9|11
Cuthburga,8|31
Cuthmannus,2|8
Cyprian,9|16;4|12;10|12;9|26;9|20;9|14;9|13;4|21;12|9;6|4;7|11;7|16;8|27;10|3;6|14;3|8
Cyria,6|18;6|17
Cyriaca,8|21
Cyriacus,6|18;7|15;1|12;12|1;3|16;5|12;1|13;8|23
Cyril,3|6;10|28;1|28;7|11;7|9;5|11;5|19;7|22;3|9
Cyrus,1|31
Daconna,9|6
Daderca,7|6
Dafrosa,1|4
Daganus,9|13
Dageus,8|18;8|16
Dagobertus,1|19;12|23;9|2;9|10
Dallanus,1|29
Dalmatius,11|2;12|5;2|12;9|10;11|13
Dalphina,11|26
Damasus,12|11;12|17;12|10
Damian,2|12;9|26;5|16;9|27;10|22;3|16;4|12;10|26;10|2
Damnius,5|12
Daniel,7|21;12|26;4|24;1|20;10|13;4|22
Danielis,3|31
Dardulacha,2|1
Daria,10|26
Darius,4|12;8|24
Dasius,10|20
Dathus,7|3
Davanzatus,7|7
David,6|17;6|25;12|30;5|24;12|29;12|11;7|15
Davidagius,5|1
Davinus,6|3
Decentius,10|28
Declan,7|24
Declanus,12|1;7|25
Decorosus,2|15
Decumanus,8|27;3|1
Defendens,1|2
Deicolus,1|18;1|24
Delphinus,12|24;12|23
Demetria,6|21
Demetrianus,5|15
Denise,12|5
Dennis,12|26;5|25;5|9;2|26;11|17;4|8;10|9;6|12;6|9;4|22;12|4;10|8;10|3;10|16;3|12
Dentelinus,7|14;3|16
Deocarus,6|7
Deodatus,4|24;6|20;6|19;2|3;9|27;6|27;10|15
Deppa,6|26
Derbillia,10|26
Derek,8|25
Desiderat,4|30
Desideratus,12|18;7|27;5|8;2|11
Desiderius,5|23;10|27;11|16;11|15;1|19;1|20;2|11;10|19;9|30;9|19;9|18;3|25
Designatus,1|13
Deusdedit,11|8;10|9;6|30;7|14;7|15;12|10;8|10
Devota,1|27
Diaconanus,12|23
Diana,6|10
Diateria,10|2
Dicentius,6|25
Dictinus,7|24;6|2
Dicullus,2|11
Didacus,4|28;11|13;11|12
Didimus,12|22
Diepurgis,3|16
Digna,9|23;8|11;9|22
Digna-Merita,6|17
Dimitry,10|8;11|21;11|29;10|25;12|22;10|26
Dinocus,6|4
Diocletianus,5|16
Diogenes,6|17;6|16;8|3
Dioscoridus,5|28
Disciola,3|10;5|13
Disibodus,9|8;7|8
Divinicus,11|13
Divitianus,10|5
Doda,9|28;4|24
Dodo,10|28;4|7;3|30;10|1
Dodolinus,4|1
Dogmael,6|14
Domangartus,3|24
Domania,10|1
Dominator,11|5
Dominic,8|4;5|12;5|24;8|12;12|20;1|22;8|5;5|23
Dominique,7|6;5|13
Dominius,11|13
Domitianus,5|7;8|9;6|22;2|5;7|1
Domitilla,5|7
Domitius,10|23
Domninus,10|9;11|3;2|13;5|15
Domnius,5|7;1|5;4|11
Domnolenus,10|21;6|25
Domnolus,5|16;6|16;12|1
Domnus,3|13
Donanus,4|17;4|18
Donata,12|31
Donatianis,10|13
Donatianus,10|14;8|7;5|24
Donatus,9|5;8|14;8|18;8|19;8|7;3|2;10|8;11|1;7|23;4|1;3|1;8|17;8|21;1|11;7|26;12|12
Donevaldus,7|15
Donoaldus,8|11;8|10
Donorcius,8|20
Dorbheneus,10|28
Dorotheus,5|15;9|9;3|28
Dorothy,2|12;2|11;2|13;6|25;2|7;10|28;2|6
Dorus,11|20
Drausus,3|5;6|2
Droctoaldus,11|8
Droctoveus,4|25;3|10
Drogo,4|16
Drostanus,12|14;7|11
Druthmarus,2|15
Dubricius,11|14
Dulcardus,10|25
Dulcidius,10|17;10|16
Dulcilinus,7|8
Dulcissima,9|16
Dulcissimus,4|19
Dunstanus,5|19
Duthacus,3|8
Dutherius,8|28
Duvanus,11|11
Dymna,5|15
Eadbertus,5|6;3|6
Eadburga,7|18;6|15;12|13
Eadnochus,10|19
Eadsius,10|29
Ealswitha,12|5
Eanswida,9|12;8|31
Earcongota,2|23
Eata,10|2;10|26
Ebba,8|25;8|23
Ebbo,8|27;2|15
Eberhardi,11|30
Ebregisilius,8|31
Ebrulfus,7|26;12|29;7|25
Ecclesius,7|27
Echenus,2|11
Edentius,5|6
Edgarus,7|8
Edibius,12|10
Edicius,10|23
Edictius,3|13
Edigna,2|26
Editha,11|3;9|16
Edmund,11|15;11|20;11|17;4|29;6|9;11|16
Edward,1|7;3|18;6|20;1|12;10|13;10|20;1|5
Edwinus,10|12;10|4
Effremus,7|9
Egbertus,12|9;8|20;4|24
Egecius,11|3
Egelwinus,11|28
Egemonius,1|8
Egidius,4|23;5|14;9|1
Egwinus,12|30;1|11
Ehoarnus,2|11
Eigil,6|15
Eigilis,6|28;5|29
Einbeta,9|16
Ela,2|1
Elaphius,8|19
Eldradus,3|13
Eleuchadius,2|14
Eleutherius,4|22;10|8;12|4;10|3;10|9;10|16;11|24;5|26;5|21;4|19;4|18;4|9;2|20;8|31;8|25;8|16;7|26;7|9;5|29;9|6
Elfegus,3|12;4|19
Elfleda,2|8
Elfledis,10|29;10|23
Elgiva,5|18
Elgive,6|30
Elias,4|17;4|12
Eligius,7|14;1|9;12|8
Eliphius,10|16
Eliseus,6|14
Elius,7|18
Elizabeth,5|1;6|18;5|2;11|19;7|4;4|18;11|26
Elmer,3|24
Elmerus,8|27;8|28
Eloquius,12|3;10|8
Elpidius,6|18;7|16;5|24;6|16
Elsiarius,6|5
Elvanus,1|1
Elwinus,10|27
Emerentiana,1|23;2|23
Emericus,11|4;9|2;11|5
Emerita,12|4
Emeritus,6|11
Emerius,1|27
Emetherius,3|3
Emetrius,1|24
Emigdius,8|5
Emile,11|16
Emiliana,6|30
Emilianus,10|11;11|12;3|10;9|11;1|28;6|25
Emilius,2|1;5|22;5|28
Emmanuel,2|27
Emmeramus,9|22
Emmo,4|29
Emmon,10|19
Endeus,3|21
Engelbertus,11|7
Engelmarus,1|14
Engelmund,6|21
Englecius,11|3
Engratia,4|16;4|15
Ennodius,7|17
Enogatus,1|13
Eobanus,7|26
Eoharnus,2|11
Eoladus,8|28;2|26
Eonius,8|3;8|17;8|30
Eormenhildis,2|13
Eovaldus,7|17;5|7
Epaphroditus,3|22
Eparchius,7|1
Epegatus,5|28
Ephenicus,5|9
Ephisius,1|15
Epictetus,5|23
Epimachus,5|10;3|22
Epimeneus,2|18
Epiphania,10|6
Epiphanius,8|4;1|22;11|11;11|22;1|21
Eptadius,8|22;8|24
Equitius,3|7
Erasmus,7|20;6|2;6|10;6|3;6|7
Eremberta,7|8
Erembertus,5|14
Eresvitha,9|1
Erfo,11|9
Ergnata,1|8
Erhardus,7|20;10|8;1|8
Eric,3|14;7|14;11|1;10|5;7|20;7|18;7|15;7|13;7|12;6|30;6|18;3|12;1|20;1|19;1|16;2|15
Erineus,8|9
Erintrudis,6|30;9|4
Erkenbertus,12|23
Erkenbodonis,4|12
Erkentrudis,5|14
Erkenwoldius,4|30
Erkenwoldus,11|14
Erluinus,5|23
Ermelindis,10|29
Ermenburga,11|19
Ermenfredus,9|25
Ermengaudus,11|3
Ermenigildis,4|13
Ermino,4|26;4|25
Erminoldus,1|6
Esaia,7|6
Eskillus,6|11;10|6;6|18;6|12
Esopius,9|9
Estervinus,1|12;3|7
Eternus,7|16;7|15
Ethbinus,10|19
Ethelbertus,2|24;10|17;5|20
Ethelburga,10|11;7|7
Etheldreda,10|17;6|23;10|16
Etheldrita,8|2
Ethelredus,5|4;10|17
Ethelwida,7|20
Ethelwoldus,4|21;2|12;9|10;8|1;3|23
Etherius,7|27;6|14;8|27
Ethernanus,12|21;12|2
Ethernascus,12|22
Euaristus,10|26
Eubertus,2|1
Eucharius,12|8;10|27;12|9;2|20;2|27;8|11
Eucherius,2|20;11|16
Eudaldus,5|11;11|6
Eudo,11|20
Euergillus,9|14;3|28;10|24
Eufredus,10|11
Eugendus,1|1
Eugene,1|8;12|30;11|22;11|17;11|15;9|6;8|23;7|14;7|13;7|16;7|23
Eugenia,9|11;2|8;4|7;6|7;12|25;12|23;9|12;12|12;9|16
Eugenianus,1|8
Eugeus,7|29
Eulalie,2|4;2|13;2|12;8|27
Eulalius,8|26;2|20;2|16
Eulogius,3|15;3|11;2|21;2|13;1|21;1|9;2|11
Eumachius,1|3
Eunanus,9|7
Eunomius,2|9
Eunucius,9|10
Eupergius,3|14
Euphebius,5|23
Euphemia,2|12;9|17;4|7;4|13;5|16;6|17
Euphrasia,2|11;3|13
Euphrasius,1|14;5|15
Euphronius,8|3;8|7;8|4
Euphrosyna,2|11;5|7
Euphrosyne,7|7;7|18
Euphrosynus,11|3;5|1
Eupilius,10|11
Euplus,8|12
Euprepitis,11|30
Euprepius,8|21
Euprobius,4|30
Eupuria,5|16
Euriela,10|1
Europia,9|15
Eurosia,6|25
Eusanius,7|9;7|7
Eusebia,3|16;10|8;10|29
Eusebius,6|20;6|22;9|25;8|29;9|24;3|5;5|3;9|12;8|14;5|22;12|16;10|15;10|2;6|21;10|30;8|1;4|18;3|23;1|31;12|15;8|2;9|26;8|12
Euseus,2|8;2|15
Eusicius,11|27;4|28
Euspicius,6|17;7|20;6|14
Eustachius,10|29;2|21;9|19;7|16;11|2;11|4;10|27;10|11;3|29;2|20;9|20
Eustacius,11|1;11|3
Eustadiola,6|8
Eusterius,10|19
Eustochia,9|28;2|27
Eustochius,9|19
Eustorgius,9|18;6|6
Euthicetis,4|15
Euthymius,8|29
Eutropia,12|14;7|23;9|26
Eutropius,7|15;4|30;10|14;9|18;5|27
Eutychianus,12|8
Eutychius,6|5;2|4;4|15;12|11;11|26;11|21;5|23
Eva,9|6
Evagrius,4|3
Evangelista,7|26;3|20
Evasius,12|2;11|28;5|1;12|1
Evellius,5|11
Eventius,9|17;11|14;5|4;3|26;5|3
Everett,4|17;12|16;8|14;4|7;9|28;6|22
Everildis,7|9
Evermarus,5|1
Evermodus,2|17
Evidius,6|13
Evodius,11|12;4|25
Evonius,5|19
Evortius,9|7
Evrardus,2|1
Evremund,6|10
Ewald,10|3
Expletius,7|30;7|27
Exuperantia,4|26
Exuperantius,1|24;12|1;5|30;9|11;5|29
Exuperia,10|12;12|18
Exuperius,8|1;9|28;8|2;11|19;6|14
Eynardus,3|25
Ezechiel,4|10
Ezelinda,6|7
Fabian,12|9;1|27;1|20;1|25;7|23
Fabiola,12|27
Fabius,5|17;7|31
Fabricianus,8|22
Faciolus,9|7
Facius,1|18
Facundinus,9|2;8|28
Fagnanus,8|14
Faith,7|1
Falcon,8|9
Falconis,6|6
Famianus,8|8
Fanchea,1|1
Fandila,6|13
Fantinus,7|24;8|30
Faraildis,1|4
Faro,10|28;10|29
Fastrada,7|21
Fausta,1|4;9|20;12|19;6|15
Faustina,1|15;2|15;7|9
Faustinianus,2|26;2|16
Faustinus,7|18;10|29;5|20;10|13;10|5;8|7;7|11;2|16;6|1;2|17;12|15;5|9;2|15;5|22
Faustus,11|9;1|16;9|28;9|6;2|15;6|9;10|13
Febrionia,6|25
Fechinus,1|20
Fedlimidus,8|6;8|9
Felicianus,6|8;11|11;1|7;7|9;10|27;1|24;7|20;10|20;11|19;6|9
Felicissima,8|12
Felicissimus,5|26;8|12;9|13;11|24;7|15
Felicity,7|10;11|28;3|6;3|7;3|8;3|26;11|23
Felicius,6|18
Felicola,6|13;10|5;6|10;6|12;6|5
Felix,9|19;9|5;9|14;8|27;4|23;9|28;9|24;9|30;7|11;10|18;10|12;9|11;5|29;10|24;8|2;7|25;5|15;7|23;5|14;6|11;7|1;8|12;7|12;8|26;7|14;12|4;6|5;11|16;11|15;5|12;12|22;11|6;7|27;7|19;1|14;7|7;1|27;3|1;8|1;5|18;6|23;10|8;1|30;1|1;3|17;10|27;7|29;3|8;10|10;8|14;1|8;5|2;3|31;7|9;2|23;10|30;3|26;6|16;6|13;9|1;12|29;7|15;2|9;5|30;2|21;2|25
Ferdinand,5|30;6|27
Fergeolus,1|12
Fergus,3|30
Fergusianus,11|18
Fermerius,8|30;10|1
Ferreolus,1|4;9|18
Ferrocinta,11|13
Ferrus,6|3
Ferrutius,10|28;10|29
Festus,12|21;9|19
Fibicius,11|5
Fidelis,2|7;4|24;4|25;10|28;4|22
Fidentianus,11|15
Fidentius,11|16;9|27
Fideus,5|10
Fidis,10|5;10|6
Fidivetenus,12|11
Fidolus,5|21;5|16;5|17
Fiecus,10|12
Filagonia,3|6
Fincana,10|13
Findanus,11|15;11|14
Findoca,10|13
Fingenius,10|7
Finianus,2|6;12|12;3|16;3|18
Finnanus,2|17;4|7;9|10
Fintanus,10|20;2|17;1|3;2|21
Firmatus,10|5
Firmian,4|28
Firmina,11|24
Firminus,10|16;5|4;12|4;10|2;9|7;9|1;4|6;8|18;10|10;12|3;1|14;1|15;1|19;10|11;9|25;9|24
Firmus,8|9;11|3;2|4
Flaccus,9|1
Flamidianus,1|5;12|25
Flaminia,5|2
Flannanus,12|18;4|24;8|28
Flavia,10|5
Flavianus,1|30;1|28;12|22;2|14;8|19;6|10;8|23;11|25;11|24;10|8;5|16
Flavitus,12|18
Flavius,4|30;8|23;5|13
Fledericus,9|13
Flocellus,9|17;9|25
Flodoveus,5|3
Flora,7|29;11|24;6|11
Floregius,7|1
Florence,12|1;7|18;7|7;3|14;6|20
Florentine,8|31;6|20;3|14
Florentinus,10|24;6|10;10|29;4|12;12|1;5|18;7|4;9|27;5|21;5|8
Florentius,5|16;9|23;7|25;9|22;5|4;10|25;10|26;4|3;10|27;6|5;1|3;2|23;7|23;7|22;10|17;5|2;6|27;6|1;11|10;9|19;11|7;5|23;5|15
Florian,11|3;11|2;5|5;5|4;5|11
Floriana,7|9
Floribertus,4|25;11|1
Floridus,11|13
Florina,10|22;5|1
Floris,10|27
Florus,11|1;11|3;12|22;10|31;11|4
Flosculus,2|2
Foca,3|5
Focas,7|14
Foderarius,12|9
Foelan,1|9;6|20
Foilenna,3|3
Foillanus,9|3;10|31
Folcwinus,11|13;12|14
Forannanus,4|30
Formerius,9|25
Fortis,5|13;5|9
Fortkernus,10|11
Fortunata,10|14;10|19
Fortunatus,12|14;5|5;10|14;6|18;4|21;9|2;6|14;7|6;6|30;6|29;6|15;2|26;10|15;6|1;6|7;6|8;6|10;9|26;6|13;8|23;8|14;7|12;12|2;8|27;7|19;6|11;5|15;5|14;8|12;5|21;8|26;8|28;4|23
Fortus,5|16
Fotinus,12|23;8|12;9|2
Fracanus,10|3
Fragulfus,1|16
Frambaldus,8|16;8|15;8|23
Framechildis,5|17
Francarius,9|21
Frances,2|6;6|4;3|9
Francha,4|25
Francis,10|11;12|12;10|4;5|25;10|3;9|17;4|22;1|29;5|26;10|25;9|20;11|1;4|18;5|11;8|18;4|2
Francoveus,5|16
Francus,6|5;5|7;12|11;12|5
Fraternus,9|29;7|9
Frechorius,5|30
Fredebertus,7|26;12|23
Fredegaudus,7|17
Frederic,7|18;1|6;4|27;12|5;5|27;3|3;5|8
Fredulfus,8|5;8|4
Fremerius,10|1;8|30
Fremundus,5|11
Frenscendis,6|30
Friardus,8|1;4|29
Fridestanus,9|10;4|9
Fridolinus,11|14;3|6;6|25
Frigidianus,3|18;11|18
Frisius,6|24
Fritheswitha,2|11;10|19;2|12
Frodoaldus,9|12;9|4
Frodoberta,4|2
Frodobertus,1|8;1|1
Frodulfus,4|22;9|21
Froilanus,10|5;10|1;9|3
Frominius,6|16;7|27;5|10
Fromundus,10|24
Frontasius,4|28;1|2
Frontinianus,9|6
Fronto,10|25
Frontus,10|1
Fructuosus,2|13;4|8;4|16;10|25;12|16;1|21;2|21
Fructus,10|25;10|27
Frudoca,10|13
Fulbertus,4|10;8|2
Fulcaldus,3|15
Fulco,3|2;12|25;5|22;10|26
Fulcrannus,2|10;2|13;4|13
Fulgentius,5|22;9|29;2|8;1|14;1|8;12|3
Fulradus,2|17;7|16
Furmenius,3|23
Furseus,2|9
Fusca,2|13
Fuscianus,5|7;12|11;5|8;6|27
Fymbertus,9|25
Gabinus,2|19;5|30
Gaius,4|16;3|10;4|22;9|27;7|1;1|1
Gajus,8|28;10|5;3|4;10|4
Galactorius,7|27;2|12
Galdinus,4|20;4|18
Galfardus,4|30
Galganus,12|3
Galla,5|31;10|5;2|1;4|6
Gallicanus,6|25
Galliota,6|24
Gallus,10|5;10|23;11|1;10|16;10|15;2|20;7|1
Gamelbertus,1|27
Gandolfus,9|17
Garibaldus,12|23;1|8
Garrett,4|23;10|21;5|31;5|13;6|6;12|30;4|22;12|7;10|3;9|24;8|11;6|13;11|4;10|30;10|25;2|23;2|24;11|16;3|7;4|1;6|7;12|6
Gaudentius,2|12;1|22;11|26;10|25;10|14;10|12;8|3;6|1;2|3;6|19;9|30;8|30
Gaudientius,8|2;8|4
Gaudinus,9|1;2|11
Gaudiosus,3|7;10|26;10|28;11|10
Gaugericus,8|12;9|24;8|11;8|18
Gaulienus,5|31
Gausbertus,12|10;5|27
Gavinus,10|25
Gebhardus,8|27;6|16
Gebizon,10|21
Gebuinus,4|18;6|18
Gedrocius,5|4
Gelasius,2|4;8|26;11|19;1|11;1|29
Geminianus,4|30;5|17;1|31
Geminus,10|9
Gemma,5|12;5|13;6|20;4|24
Gemmulus,2|4
Genebaldus,9|5
Genefeva,10|28
Generosus,7|17;7|10
Genesia,6|8
Genesius,8|25;11|1;6|22;6|21;6|5;6|3;4|20;8|26;10|28;12|16;11|2
Geneveus,7|29
Genevieve,1|3
Gengulphus,5|13;10|3;5|11;10|12;5|9;4|6;5|14
Genistus,4|30
Genitus,10|29;10|30
Gennadius,5|25
Genofeva,11|26;1|10;1|9;10|29;11|27
Gentianus,5|8;12|11;5|7;6|27
Gentilia,1|28
Gentius,5|29;5|16
Genulphus,6|20;2|8
Geoffrey,10|20;8|3
George,7|27;10|20;11|2;4|23;11|9;6|9;8|27;11|10;2|19;4|24;4|25;4|27;12|11
Georgia,2|15
Georius,10|29
Gerannus,7|28
Gerardesca,7|28
Gerasimus,5|14;6|14
Gerbaldus,6|12
Gerbergis,7|24
Gerboldus,6|14
Gerebernus,5|30
Gereboldus,12|7
Gerekinus,7|25
Geremarus,9|24;5|18;5|16
Gereon,10|10
Geretrandus,12|7
Gerius,8|5;5|25
Gerlacus,1|5
Gerlandus,6|18;2|25;5|14
Germaine,7|1;10|1
Germanicus,1|19
Germanus,10|1;10|30;8|4;2|21;4|27;4|30;5|2;5|28;6|27;7|31;7|3;6|8;7|25;10|16;10|11;9|22;10|29;4|12;10|23;10|28;10|26
Geroldus,10|7;4|10;4|19
Gerontius,5|5;5|6;3|23;8|26;5|9;8|25
Gertrude,1|6;12|2
Gerulfus,9|21
Gerundius,7|2
Gervadius,11|8
Gervinus,4|17;3|3
Gezzelinus,8|6
Gibitrudis,10|26
Gildardus,8|24;6|8
Gildas,1|29
Gildericus,5|14
Gilduinus,1|27
Gingurianus,9|27
Giselle,5|7
Gislebertus,10|10
Gislemerius,9|16
Glascianus,1|30
Glisens,7|26
Gloriosus,7|6;7|5;2|3;5|25
Gobbanus,6|20
Gobertus,8|20;11|23;1|26
Gobnata,2|10
Gobrianus,11|3;11|16
Godeberta,4|11
Godebertus,3|6
Godegrand,9|3
Godehardus,5|5;5|4;12|9
Godeleva,4|18;7|6
Godericus,5|21
Godermundus,2|1
Godina,10|1
Godo,5|8;5|26;10|19
Godoaldus,6|7
Godranus,8|6
Godwinus,10|28
Goericus,9|19
Gohardus,6|24;6|25
Golvenus,7|1
Gondebertus,4|29
Gonerius,4|4;7|18
Gordianus,5|10;3|22;9|17;9|9
Gorgonius,3|13;9|7;9|11;12|7;3|11;3|12
Gosbertus,2|3
Goslinus,2|12
Gosslinus,7|31
Goswinus,5|22;10|9
Gotalmus,7|26
Gotscalcus,8|7
Gottfried,10|2;11|8
Gradulfus,3|6
Gramatius,4|25;10|11
Grata,8|25;9|4;5|1
Gratianus,11|10;12|18;10|23
Gratilianus,8|12
Gratulfus,10|11
Gratus,3|20;10|17;10|16;9|7;5|14;10|19;10|8
Greciniana,6|16
Gregory,1|4
Grimbaldus,9|2;7|8
Grimoaldus,9|29
Grimonia,9|7
Guala,9|3
Gualterus,10|15;8|2;1|21;7|22;1|22;5|8
Gudila,9|8
Gudula,1|8;7|6
Guennius,8|19;8|18
Guesnoveus,10|25
Guetonicus,11|5
Guierus,4|4
Guilelmus,9|10
Guimerus,2|13;12|10
Guinalus,11|3
Guinefortus,2|25;8|22
Guinganto,11|28
Guinianus,10|11
Guinochus,10|1;10|26;11|6;4|13
Guislenus,10|9;10|10
Gumesindus,1|13
Gummarus,10|11
Gundecharus,8|2
Gundisalvus,10|21;11|1
Gundleus,3|29
Gunduinus,10|30
Gundulphus,9|6;6|17;3|7
Gunsaldus,11|5
Guntherus,10|9
Gunthildis,9|28;9|22;2|21;12|8
Gunthlelinus,9|13
Guntrammus,3|28
Gunzelinus,9|7
Gurdanius,10|16
Gurloesius,8|25
Gurvalus,6|6
Gusmeus,9|11
Gustanus,11|27
Guthagonus,7|3
Guthiernus,6|29
Guthlacus,4|11
Guy,12|19;12|2;6|17;3|22;1|21;5|3;2|5
Gwendolina,10|18
Haberilla,1|30
Habetdeus,2|17
Hadelinus,2|3;6|27
Hadeloga,2|2
Haduindus,8|20;1|20
Hadulfus,5|19
Hadumadis,11|29
Haimeradus,6|28
Haimon,2|13;3|27;6|15
Hainmarus,10|27
Halinardus,7|29
Halvardus,5|15;5|14
Hannoarius,8|12
Hardwin,8|15
Hariolfus,8|13
Hartmannus,12|23
Hartwicus,12|5
Haseka,1|26
Hathebrandus,7|30
Hathumarus,8|9
Hechberactus,4|24
Hedda,7|7
Hedistius,10|12
Hedwig,10|15;10|17;4|14;3|4;10|22
Hedwigis,8|25;8|26
Hegesippus,4|7
Helanus,10|7
Heldemarus,1|13
Helen,4|23
Helena,8|18;8|19;7|31;11|4;8|13;5|20;5|4;4|15;2|8;2|7;5|21;5|22;7|30;8|6
Helenus,5|4
Helerius,7|16
Heliena,4|20
Heliodorus,7|3
Heliseus,6|14
Helladius,5|8;2|18
Helmtrudis,5|31
Hemelina,10|27
Hemma,6|29;6|28
Heohardus,7|1
Heraclianus,10|24;12|9
Heraclius,7|9;7|14;3|11
Herbernus,10|30
Herbert,8|30;3|20;8|20;3|16
Herblandus,3|25;10|18;3|26
Herculanus,3|2;11|7;11|5;11|6;8|12;9|25;5|16;3|1;8|13
Hereswitha,9|23
Heribaldus,4|25;6|17
Herifridus,10|23
Herlembaldus,6|27
Herlindis,10|12;3|22
Herluca,4|18
Herluinus,8|26
Hermachora,8|12
Hermachoras,7|19;7|12;6|11;8|27
Hermannus,5|28;9|25
Hermes,1|4;8|27;8|28;10|19;7|1
Hermetis,3|1
Hermogenes,12|12;8|23
Hermogenis,4|19
Hermolaus,7|27
Herninus,5|7;11|2
Hero,6|28
Herumbertus,6|7;7|9
Herveus,6|17;7|17
Hesperius,8|23
Hesychius,3|1;11|12;3|16
Heuterius,5|3
Hidulfus,7|11
Hieraclius,3|2
Hierlatius,12|26
Hiero,8|17
Hilarianus,6|15;1|28
Hilarion,10|21
Hilary,5|8;9|27;6|29;11|24;5|16;1|7;7|16;5|15;2|17;2|21;5|5;5|21;6|3;6|26;7|1;9|10;5|20;1|15;9|25;10|25;1|12;1|13;1|14
Hilda,11|17;8|25
Hildebertus,12|1;5|31;5|27
Hildeburg,6|3
Hildegard,8|8
Hildegardis,9|17;4|30
Hildegrim,6|19
Hildegundis,4|20;10|14
Hildelita,3|24
Hildemannus,12|8;12|11;12|3
Hildetrudis,9|27
Hildevertus,5|27
Hildolfus,6|23
Hilduardus,9|7;12|29
Hildulfus,6|23
Himelinus,3|10
Himerus,6|17
Hincmarus,3|5
Hippipodius,4|6;4|22
Hippolytus,1|30;8|22;11|20;1|29;2|2
Hogerus,12|20
Hoildis,4|30
Homobonus,7|6;11|13
Honestus,2|16;7|12
Honorata,1|11
Honoratus,8|26;12|22;5|23;5|16;12|21;10|29;12|14;2|24;1|16;1|14;12|25;12|16;2|8;10|28
Honorina,6|19;2|27
Honorius,9|30;6|19;11|21;4|24;1|9;4|5
Honulfus,12|19
Hope,7|1;9|13;10|23;11|23
Hospitius,5|21;5|25
Hroznata,7|14
Huardo,11|19
Hubert,5|30;9|30;9|17;11|3
Hugo,7|27;3|16;4|9;4|11;4|29;7|6;8|10;10|6;10|8;9|8;10|21;11|7;11|17;4|1;4|20
Hugolina,8|8
Hulbritus,4|24
Humbaldus,10|20
Humbelina,8|21
Humilitatis,5|22
Hunegundis,8|25
Hunfridus,3|8
Hungerus,12|22
Hymeriius,11|12
Hypolistus,5|1
Ibarus,4|23
Ida,1|14;6|20;5|21;3|25;9|4;4|13;1|15;12|16;10|29;11|3
Idesbaldus,4|18
Iduberga,3|17;5|21
Iginius,2|11;1|11
Ignatius,12|17;2|1;6|1;1|31;7|31;12|16;2|4;11|20
Ignorocus,2|1
Ildaura,12|20
Ildefonsus,1|23;1|30
Illuminata,11|29
Illuminatus,7|8;5|11
Imiterius,7|28;7|31
Imperia,9|6
Inanus,8|18
Indaletius,4|30
Indractus,2|5
Ine,2|6
Inflannus,11|6
Ingaudus,10|29
Ingenuinus,5|13;2|5
Ingenuus,9|11
Ingridis,10|9
Injuriosus,5|25
Innocens,6|19
Innocent,3|12;3|14;12|22;6|21;4|17;7|28
Innocentia,2|1;9|16
Innundus,1|28
Invelta,4|15
Inventus,1|22
Irene,1|22
Ireneus,3|25;12|15;7|3;3|31
Irmgardis,9|4
Isaac,6|3;4|11
Isadora,4|17
Isarnus,9|24
Iserninus,9|19;3|6
Iserus,12|4
Isfridus,6|15;7|3
Isidore,5|15;1|15;5|10;5|8;4|16;4|4;9|8;11|30;12|22;1|7;8|4;11|11;4|17;4|3;9|18
Ismido,10|29;9|28
Ismius,10|29
Israel,12|22;9|13
Iterius,6|25;7|8
Ithamarus,6|10
Itisberga,5|21;5|8;6|20
Iuventia,2|16
Ivanus,10|8
Ivius,10|6
Ivo,5|20;5|18;10|27;5|19;6|10
Jacicntus,7|26
Jacinctus,8|16;9|5;8|26;8|15
Jacinthus,7|26
Jacob,10|6;6|1
Jacobinus,3|3
Jacutus,7|3;2|8
James,12|30;5|10;5|4;8|30;4|18;4|13;11|28;1|16;7|13;4|30;5|1;9|2;11|19;8|23;8|15;11|12;6|23;7|15;12|29
Jane,5|4;2|4;1|16;2|12;1|10;8|2
Januarius,11|2;10|19;9|19;10|13;11|9;8|26;9|28;6|13;7|10;10|8
Jarlogius,4|17
Jarnitinus,1|1
Jarvis,5|15;3|25;6|19;7|6;6|26;6|18;12|13;6|16
Jason,12|3
Jejunius,5|20;5|25
Jerome,10|5;9|30;5|9;10|7;7|22
Joachim,4|16;12|9;7|20;3|22;3|30;3|20;12|10;9|2;7|27
Joachimus,5|29
Joanna,7|23
Joannicius,7|20
Joannicus,12|15
Joatha,5|22
Job,5|10;5|14;5|22;11|15
Jodocus,10|16;7|24;12|12;7|26;6|10;6|11;7|25;10|12;1|9;12|13
Johanettus,3|24
Johannis,4|8
John,6|2
Jolana,1|27;1|17
Jolendis,12|17;5|22
Jolus,6|9
Jonatus,8|1
Jonius,8|5;9|22
Joranus,5|28
Jordan,9|5;3|13;3|6
Jorius,7|26
Josbertus,11|29
Joscio,11|30
Jovinianus,5|5
Jovinus,10|3;6|1
Jovita,2|15
Jovite,5|9
Joy,8|30
Jucunda,11|25
Jucundus,12|30;11|14
Judita,5|6
Juditha,6|29
Julia,4|16;2|25;5|22
Julian,7|1
Juliana,2|7;7|27;2|16;2|11;4|5;12|10;6|16;9|1;10|11;2|13
Julianus,1|19;1|7;6|22;8|12;1|9;2|7;1|8;4|8;10|19;7|25;7|26;2|3;2|8;1|27;1|11;1|26;12|2;10|12;8|30;8|28;8|27;8|21;2|17;1|28;2|13;1|29;2|19;2|20;2|27;3|6;3|8;4|22
Julius,12|5;1|31;8|19;4|12;8|21;5|27
Junianus,10|16;11|15;8|13
Justin,11|10;2|16;5|6;11|2;10|27;10|21;10|20;10|18;8|25;8|1;7|14;7|13;7|7;5|28;8|26;8|27;10|7;2|12;8|6;6|5;4|19;8|30;8|31;9|2;10|14;8|4
Justine,8|1;7|19;7|30;8|4;7|17
Justinianus,7|16;8|23
JustusÂ ,11|26
Jutta,5|5;12|22
Juvatus,10|21
Juvenal,5|6;5|3;5|7;5|4
Juvenalis,8|7
Juvenianus,7|13
Juventinus,8|28
Juventius,6|1
Kanutus,1|7
Karilefus,7|1
Karolimannus,8|17
Katharine,4|30
Kebus,11|8
Kellacus,5|1
Kenedus,8|1
Kennanus,11|24;9|12
Kennera,10|29
Kenoca,3|10;3|13
Kentigernus,1|13
Kerrianus,11|5
Kessogus,3|10
Ketillus,7|11;7|12
Kevin,6|3
Keyna,10|8
Kiara,10|16
Kiaranus,9|9;3|5
Killenus,11|13
Kindreacha,11|5
Kinnia,2|1
Kunegund,3|15
Kunegunda,6|16
Kunegundis,3|29;9|7;9|10;9|16;3|3;2|25;10|24;9|9;5|2
Kyneburga,3|6
Kyneswitha,1|31
Lactantianus,4|16
Lactinus,3|19
Laidgennus,1|12
Lamanus,11|23
Lambertus,4|16;9|19;4|14;12|14;6|26;5|26;9|17;10|13;9|18;9|22;4|28;9|24
Landelinus,6|15;9|22;11|28
Landeolus,1|31
Landericus,4|17;6|10;7|16
Landoaldus,3|19;3|25
Landrada,7|6;3|5;7|8
Landulfus,6|7;7|9
Landus,5|5
Lanfrancus,5|28
Lasrianus,10|25
Lassia,4|19
Latinus,3|24;12|1
Latuinus,6|20
Laudoveva,10|29
Laudulfus,8|13
Laudus,9|22;9|21
Launogisilus,4|2;1|13
Launomarus,1|19
Laura,10|19
Laurence,7|8
Laurencia,10|8;10|1
Laurentinus,6|3
Lauriana,5|24
Laurianus,7|6;7|5;7|4
Laurus,10|1;9|30
Lautenus,11|2;11|1
Lauzon,4|1
Laverius,11|27
Lawrence,11|14;8|9;7|27;7|19;5|10;2|2;2|3;2|7;4|30;5|30;12|30;8|17;7|25;11|15;8|10
Lazarus,2|11;9|1;8|31;4|8;4|12;4|1;3|14;10|20;10|27;11|10;12|5;12|15;12|17;9|4;9|7;12|16
Lea,3|22
Leandrus,4|6;2|27;3|13
Lebuinus,6|25;11|12
Leguntianus,2|5
Leguntius,2|19;2|18;6|16
Lelius,6|27
Leo,7|17;3|13;5|26;4|19;4|20;4|22;4|29;5|5;5|25;7|12;8|1;2|14;2|20;2|27;3|1;3|14;5|23
Leobardus,1|18;8|7;2|15;12|31
Leobatius,7|18;7|28
Leobinus,3|14;9|15
Leobonus,10|13
Leocadia,12|16;12|3;12|9
Leocadius,11|14;11|9
Leocritia,3|15
Leodardus,10|28
Leodegarius,10|2;10|8;4|24;6|23
Leodogarius,11|13
Leodomirus,9|30
Leodovaldus,8|11
Leofrona,7|30
Leolinus,6|29;11|24
Leonard,8|18;9|18;11|6;11|7;11|5
Leonianus,11|13
Leonius,11|12;2|1
Leonorius,7|1;7|3
Leontius,7|1;8|21;9|15;8|20;4|24;12|1;11|16;3|19
Leopardinus,10|7
Leopardus,11|7;9|30;10|7
Leopatius,1|25
Leopharius,6|14
Leopold,2|15;11|15
Leotadius,10|23
Leothericus,9|14
Leovigildis,8|20
Lesinus,2|13;11|1
Lesmonus,12|9
Letardus,5|7
Letus,9|3;9|14;11|5;7|2;6|7;9|1
Leuchtild,1|22
Leucius,1|8;1|11
Leuconius,4|1
Leudomirus,10|2
Leufredus,6|20;6|21
Leuthernus,10|17
Levangius,2|7;10|19
Levianus,10|18;10|17
Lewinna,8|7;7|22;7|24
Lewis,10|25;3|15;8|19;8|23;11|8;11|9;10|16;8|25;8|26;11|10;4|30;8|12;9|24;12|31
Liafdagius,2|3
Libaria,10|8;10|12
Libba,1|8;2|18
Libentius,1|4
Liberala,1|16
Liberalis,12|30;11|21;4|24;4|27
Liberata,1|18;1|31;2|3;2|23
Liberator,5|15
Liberatus,12|20;3|28;3|23
Liberius,9|23;4|29;5|17;5|27;9|24;12|30
Libertinus,11|3
Libertus,7|14
Libra,4|21
Liceria,5|11;1|6
Licerius,8|7;10|2;8|27
Lidanus,7|2
Lidorius,9|13
Lidwina,4|14
Lieffardus,2|4
Lietbertus,6|22;6|23
Lifoldus,4|6
Ligorius,9|13
Limbania,9|6;8|16
Limineus,3|29
Linus,11|26;11|15;9|23;10|7;11|24
Lioba,9|28
Liobetta,2|7;9|25
Liphardus,2|4
Liprandus,6|27
Lithardus,7|12;7|9
Liutfredus,3|8
Livarius,7|16;11|25
Liventius,1|25
Livinus,11|12;6|28;11|13
Lolanus,9|22
Lomanus,2|17
Lombrosa,11|1
Longinus,12|1;3|15;12|2
Lotarius,6|15
Louisa,1|31
Lubentius,10|13;2|6;10|22
Lucanus,10|30;7|20
Lucentia,6|4
Luchesius,4|28
Lucianus,1|3;5|20;6|7;1|7;1|20;5|1
Lucidius,4|26
Luciferus,5|2;5|20
Lucilia,10|31
Lucilius,10|31
Lucille,8|25;7|29
Lucina,6|30
Lucius,12|10;12|1;8|25;4|6;4|15;12|3;10|9;9|1;2|27;3|4;3|15
Lucrecia,11|23
Lucretia,3|11;3|15;1|9
Lucretie,2|11
Luctigernus,4|28
Lucy,11|7;11|15;9|19;1|12;6|1;12|13;9|26
Ludanus,2|12
Ludgerus,3|26;4|24;3|24;10|3
Ludolfus,8|13;3|29;1|2
Ludumila,11|10;9|16
Lugadius,11|2
Lugidianus,8|4
Luglianus,10|23
Luglius,10|23
Luitburga,12|30;2|28
Luke,10|18;10|13;10|17
Lullus,10|16
Luminosa,5|9
Lupentius,10|13;10|22
Lupercius,6|28
Lupercus,10|30;4|16
Luperius,11|15
Lupianus,7|1
Lupicinus,3|21;2|3;12|14;6|23;5|22;6|24;5|31;5|21
Lupinus,4|30;5|4
Lupita,9|27
Lupulus,10|15
Lupus,6|9;10|25;12|2;7|29;6|16;9|1;9|2;9|3;9|5;5|10;4|23;9|25;10|17;3|2;10|19;10|14;1|30;1|27;5|22
Lurocus,2|17
Lusor,11|4;11|1
Lutgardis,6|13;6|16
Luthardus,9|15
Lutrudis,9|22
Lutwinus,9|29
Macaldus,4|25
Macarius,2|28;2|12;5|9;4|10;7|16
Maccalinus,1|21
Maccartinus,8|15
Macduach,10|27
Macedonius,3|13
Machanus,9|28
Macharius,11|12;1|15;1|23;5|1;5|9;4|8;4|10;5|4
Machra,1|6;3|2;5|30;6|11
Macniseus,7|13
Macolda,3|15
Macoratus,8|4
Macrinus,9|17
Mactafledis,3|13
Macutus,11|15
Madalveus,10|4
Madelfridus,10|4
Madelgarius,4|9
Madelgisilus,5|30
Magdalen,10|14;6|16
Magdalupus,12|20
Maginus,8|25
Maglorius,7|9;10|24
Magnentia,11|26
Magnericus,7|25
Magnobodus,10|16
Magnus,8|19;9|6;4|16;11|1;11|3;10|6;2|18;12|13;11|5;8|26
Magorianus,3|15
Maianus,6|1
Maimbodus,1|23
Mainardus,8|14;5|9
Majanus,6|21
Majolus,12|13;5|11;5|17
Majorianus,10|29
Majorinus,6|27
Malachias,11|5;11|3;11|4;11|1;11|2;8|20
Malchus,3|28;8|10
Malehardus,5|11;1|21;1|19
Malrubius,8|27
Mamertinus,9|5;4|20;3|30
Mamertus,5|11
Mamilianus,9|15;3|12;6|16;9|13
Mammas,8|26;8|17
Mammes,8|7;10|10
Mandrianus,8|19
Manechildis,10|14
Manfredus,1|27;1|28
Manirus,12|18
Manius,9|3
Mansuetus,9|3;6|14;2|19;4|25
Mantius,5|21;5|15
Manveus,5|28
Marcel,7|26;3|20;6|29;10|8;10|6;10|7;10|30;9|8;1|16;1|6;3|28;4|9;7|17;10|29;11|1;11|3;11|8;11|26;12|1;12|2;10|9;6|3;9|4
Marcella,1|31
Marcellianus,5|13;6|18;6|17;10|20
Marcellina,7|17
Marciana,11|5;7|12
Marciane,1|9
Marcianus,6|14;8|25;10|17;5|22;10|5;10|4;2|27;3|26;3|27;3|6;7|14
Marcolinus,1|24
Marculfus,5|1
Marcus,1|31;10|4;10|5;3|28;10|8;3|19;10|6;6|14;4|4;4|25;9|21;8|31;10|7;5|18;4|28;6|18;6|17;3|24;5|24;10|22;10|13
Margaret,1|28
Margereta,7|5
Maria,11|10;10|26;11|1;8|7;4|2;4|27;4|4;5|15;5|10;5|13;11|24;9|25;9|19;9|8;7|17;3|28;1|24;6|23;5|5;4|17;11|14
Marianus,9|19;10|11;4|30;11|3;4|20;9|4;8|19;10|28
Marie,4|1
Marina,12|4;6|18;6|17;7|17;7|14;7|19;7|18
Marinus,8|19;1|16;1|1;1|3;11|15;9|3;7|3;7|20;7|16;11|24
Marius,6|2;6|8;12|31;1|16
Marmenia,5|29
Marnanus,3|1
Marnochus,12|30
Marolus,4|23
Marquardus,5|29;2|27;5|6
Marsus,10|4;6|21
Martana,12|10
Martha,7|30;12|17;8|4;8|5;7|28;7|29;7|31;11|14;10|16;10|17;7|26;7|27;7|20;7|19;2|23
Martia,6|20;6|21
Martial,10|13
Martialis,11|9;7|2;6|30;7|1;7|3;7|7;7|8;7|10;10|24;6|16;6|4;6|23;9|28
Martianus,7|1;7|14;7|11;7|7;7|3;7|2
Martin,11|12;6|21;3|20;4|8;5|8;11|15;12|13;11|11;1|31;10|8;10|11;11|3;10|24;12|7;12|1;11|26;11|18;7|5;7|12;7|11;11|10;7|19;7|15;7|4;7|1;8|9;2|11;10|7
Martina,1|1;1|30;6|21;6|20
Martinius,11|17
Martirius,8|15;5|29;11|15
Martius,4|13
Martyria,5|21
Martyrius,1|23
Marus,1|26;6|15
Mary,4|9;4|8
Mastidia,5|7
Maternianus,4|30;7|7
Maternus,9|19;9|13;10|23;9|14;7|18;9|12
Mathalberta,9|7
Mathildis,2|28;2|26;11|4;5|30;5|31
Matrona,3|15
Matronianus,12|14
Mattheus,9|21;1|28;5|6;3|22;3|13;9|20;12|25;9|11
Matthias,9|1;11|16;2|25;3|2;8|11;2|7;2|23;9|5;5|18;3|11;3|3;2|24
Matthius,1|30
Maturinus,5|10;5|13;11|1;11|9
Maud,3|14
Maudetus,11|18
Maura,9|21;7|13;1|15;11|12;11|3;7|3
Maurentius,8|31
Maurice,4|24;9|29;9|22;6|28;2|25;10|13;9|20
Mauricilus,3|31
Maurilius,8|9;9|13;5|16
Maurinus,10|27;8|4;10|13;6|10;10|2;10|26;11|9;11|25
Maurontius,10|18;5|5;1|9;1|8;5|4;10|21
Maurus,10|25;9|4;11|21;11|10;11|22;9|13;1|15;11|8;1|20;6|16;8|22;7|27;12|1;2|4;12|3;1|29
Mausonas,11|1
Maxellendis,11|13
Maxentia,4|30;11|20;11|12
Maxentiolus,12|17
Maxentius,6|26
Maxima,5|16;5|7;8|25;9|2
Maxime,6|25;11|27;11|20;11|19;1|12;1|2;8|20;12|4;11|28;2|7;9|28;6|2;2|21;10|10;10|17;11|18;5|25;8|2;6|12;9|13;1|8;10|20;10|19;10|30;12|16;5|29;7|2;4|14
Maximilian,10|12;9|1
Mazota,12|23;8|21
Medana,11|19;11|12
Medardus,6|8
Mederasma,11|22
Medericus,8|29
Medicus,6|25;5|23;5|16
Medraldus,2|23
Medranus,10|2;7|7
Medulfus,6|1
Megetius,7|16
Megingaudus,10|26
Meginhardus,9|26
Meginradus,1|21;10|6
Meinricus,6|20
Meinulphus,10|5
Meinwerkus,6|5
Mel,2|6
Melanie,12|31
Melanius,4|22;11|6;1|6
Melchiades,1|10;12|7;12|10
Meldanus,2|7
Meletius,12|16
Melior,3|26
Melito,3|10
Mella,3|9
Mellitus,4|24
Melorus,1|3;10|1
Memorius,5|26;9|7
Memorus,2|9
Mendria,8|19
Menedina,5|26
Menelaus,7|22
Mengoldus,2|8
Menna,11|10;10|3;4|2
Mennas,11|16;11|11;11|12
Mennius,8|5;8|7
Menulphus,7|12
Mera,7|20
Merbodus,9|11
Mercurius,11|25;6|15;11|26;11|24;11|27;12|10
Meriadocus,6|7
Merinus,9|15
Merita,9|23;9|22
Mernocus,10|25
Merolilanus,5|18;3|17
Merolus,3|18
Meroveus,10|22
Merwinna,10|29
Messalina,1|23;12|13
Methodius,9|18
Methudius,3|9
Metrannus,1|31
Metronus,5|8
Metropolus,10|8
Michael,4|30;7|5;5|8;4|10
Michaelina,6|19
Michomer,4|30
Milburga,2|23
Mildrada,7|13
Mildwida,1|17
Milejus,1|14
Miletus,9|19
Miliavus,11|5;10|26
Milo,7|16;2|23
Minausa,1|20
Miniatis,10|25
Miocus,11|2
Mirocletis,12|3;11|30
Mirus,5|10
Missolinus,5|24
Mitrius,11|13
Mocholmocus,6|7
Mochulleus,6|12
Mochus,7|9
Moconna,11|9
Mocteus,8|19;3|24
Modanus,11|14;2|4;8|30
Moderamnus,10|22;3|16
Moderatus,8|23;7|1
Modericus,5|10
Modesta,11|4;10|6
Modestinus,2|14;6|10
Modestus,2|24;3|10;6|13;6|15;4|26;11|10;10|15;10|2;2|12
Modoaldus,4|26;5|12
Modwena,9|9
Modwenna,7|6
Moeldodius,5|13
Molagga,1|20
Molocus,6|25
Mombolus,11|18
Mommolenus,10|16
Mommolus,8|8
Mona,10|12
Monaldus,3|15
Monanus,3|1
Monas,3|25
Monegundis,7|2;7|1
Monica,5|4;5|5;2|25;2|26;4|9
Monitor,11|10
Mono,10|18
Montana,10|1;10|24
Montanus,9|20;11|9;6|17;5|17;3|26
Moricus,3|30
Morocus,11|8
Moses,11|25
Moyses,9|4
Muirdebharus,11|3
Mundana,5|31
Munetta,9|4
Munis,12|18
Muranus,3|12
Muredacus,9|1
Muricherodacus,1|17
Musa,4|2
Musca,6|18;6|17
Museus,9|4
Mustia,7|4
Mustiola,7|3;11|26
Nabor,7|11;7|23;6|12;7|12;4|23
Namatius,10|27;11|17;11|2
Namfasius,11|21;11|12
Nanscentus,9|3
Nantarius,10|30
Nantuinus,8|7
Narciscus,3|18;10|29;11|5;8|28
Narnus,8|27
Nassadius,10|26
Natalena,11|5
Natalie,6|17;7|27;8|27;10|20;3|4
Natalius,5|28
Natalus,5|14;5|13
Nathalanus,1|8
Natuitus,7|7
Nazarius,7|27;7|29;11|6;7|28;4|18;5|10;7|12;6|12;1|12;6|19;7|30
Nebridius,2|9
Nectanus,6|17
Nectarius,9|13;5|5;12|9;8|1
Nemesius,10|31;8|25;8|1;12|19
Nennidius,10|12;1|16
Neo,10|20
Neomadia,1|13
Neomedis,2|17
Neomisa,9|2
Neon,1|17;2|10
Neophita,1|4;2|4
Neophyta,4|17
Neophytus,9|1
Neot,10|28
Neotus,7|31
Nepotianus,5|11;10|22
Nera,12|25
Nereus,5|12;5|18
Nessanus,12|1
Nestor,2|26
Nevelonus,7|27
Nicander,6|17
Nicandrus,9|19
Nicasius,12|14;12|12;12|10;11|27;7|23
Nicephorus,5|28;3|1;12|3
Niceta,9|12
Nicetius,12|5;10|1;8|2;2|8;4|2;10|2;5|5
Nicholas,5|9;5|10;12|13;3|21;4|1;12|12;3|22;5|11;5|26;12|6
Nicius,10|25
Nico,3|23
Nicodemus,8|23;3|20
Nicomedes,9|15;9|18;6|4;6|1;9|24;9|16
Nicus,4|18
Nidgarius,10|9;4|1
Nilus,9|26
Ninianus,9|16
Ninnoca,6|4
Nithardus,2|3
Nivardus,9|1
Noel,1|27;8|21;10|31
Noiola,5|30;7|6
Nona,10|30
Nonius,8|14
Nonnosus,9|2;8|19
Nonnus,7|25
Norbert,6|6;7|11
Notburga,1|26;9|14
Notburgis,10|31
Nothelmus,10|17
Novatus,6|20
Numerianus,7|5
Nummus,7|8
Nuncius,10|10
Nunctus,10|22
Nunillonis,10|22;10|21
Nympha,11|10
Obdulia,9|5
Obitius,2|4
Octavius,9|2;10|23;9|3
Oda,2|16;4|20;11|21;10|24;11|27
Odelgerus,2|5
Odilardus,9|14
Odilia,2|16;7|17;3|14;12|13;2|17;1|29
Odilo,1|2;4|19;1|1;5|3;11|13;6|21
Odinonis,1|2
Odo,11|20;3|23;7|7;6|30;6|19;11|19;1|14;6|2;7|4;11|18
Odoricus,1|14
Odorius,5|15
Odrada,11|3
Odranus,7|7;2|19;10|2;10|27
Oduinus,6|24;6|25
Ogmundus,3|3
Olaf,8|3;3|30;8|4;7|29
Olcanus,2|20
Oldegarius,3|6
Oliva,6|3;6|10;3|5;6|11
Oliveria,2|3;1|31
Olla,10|9
Olympiadus,12|1
Olympius,7|26;12|3
Ommo,10|24;10|25
Onesimus,7|31;5|13;2|16
Onesiphorus,9|6
Onnenus,2|27;9|9
Onofleda,12|1
Onuphrius,6|10;6|8;6|11;6|12;6|13
Opilius,10|12;10|1
Opportuna,4|22
Optatianus,7|14
Optatus,11|27;8|31
Opto,6|12
Oranna,9|15
Orestus,10|12
Oriculus,11|18
Orientius,5|1;5|2
Origania,4|8
Orlandus,5|20;9|15
Ormisdas,8|6;8|5
Orontius,8|26;9|2;8|27
Ortarius,4|15;5|21
Ositha,10|7
Osmanna,9|9
Osmundus,12|4;7|16
Ostianus,6|30
Oswaldus,8|5;8|4;2|28;8|31
Oswinus,3|11;8|20
Othgerus,9|10
Othmar,11|17
Othmarus,11|16;10|25
Oudoceus,7|2
Owinus,3|4;7|20
Pachomius,5|14
Pacianus,3|9;3|10
Pacificus,7|10
Paduinus,11|15
Palatiata,7|8;10|1;10|8
Paldo,10|11
Palladia,10|8
Palmatius,10|5;10|4
Pammachius,8|30
Pamphilus,4|28;6|30;9|21;9|7
Panacea,5|1
Pancras,4|3;5|18;5|12
Pandiona,8|26
Pantagathus,4|17
Pantaleon,4|11;7|28;7|29;7|26;6|10;7|27;2|17
Pantalus,10|12
Papia,2|4
Papias,1|29
Papolenus,6|26
Pappolus,11|21
Papulus,11|3
Paracodes,1|1
Paragorius,9|7
Pardulfus,10|6
Pardus,5|26
Parentius,5|21
Paris,8|5
Parisius,6|11
Parmenius,4|22
Parthenius,5|19
Paschal,5|14
Pascharius,7|10
Paschasia,1|9
Paschasius,2|22;2|10;5|31;3|22
Passeria,7|20
Pastor,7|26;3|30;10|7;3|29;8|6
Paterius,2|21
Patermutus,12|16;7|9
Paternianus,7|10;11|13;7|12
Paternius,4|10
Paternus,9|23;9|28;4|15;8|21;4|16;11|12;5|19
Patiens,9|11;1|8
Patientius,5|1
Patorianus,9|1
Patralia,11|17
Patricia,8|25
Patrick,6|9;11|1;6|17;8|24;3|17;3|16;4|11
Patrobas,11|4
Patroclus,1|21;1|19;11|19;6|24;1|31
Patto,3|30
Patusius,10|3
Paul,12|12;2|7;3|4;4|29;4|16;4|22;6|26;6|28;7|19;7|6;6|29;2|13;5|28;3|2;4|17;12|15;10|18;11|14;12|11;8|23;7|9;7|5;1|15;5|17;1|25;3|23;11|1;10|24;10|10;2|1;2|8;3|12;5|31;3|22;6|7
Paula,6|17;1|29;1|27;6|18;2|20;10|29;1|26
Paulianus,2|24;2|14
Pauline,3|14
Paulinus,6|21;6|22;3|30;5|15;9|10;5|4;7|8;10|10;3|4;10|18;5|13;6|20;8|31;1|11;6|7;7|12;1|10;4|29
Pavacius,7|9;7|24
Pavo,4|9
Pax,6|7
Paxentus,9|23
Pega,1|8
Pelagia,10|8;6|12;8|26;10|19
Pelagius,8|28;6|14;8|30;8|31;8|27;9|19;6|26
Pelinus,12|5
Pentecost,5|15
Peregrina,10|5
Peregrinus,7|26;3|20;8|4;7|7;7|28;1|30;2|10;3|27;5|1;5|16;6|3;9|12;6|6;8|1;11|3;11|18
Perfectus,4|18
Pergentinus,6|3
Perpetua,8|4;11|4;3|7;3|8;4|8;3|6
Perpetuus,11|4;4|8;12|30
Peter,6|7
Petranus,1|6
Petrocus,6|4
Petronax,5|6
Petronilla,5|31;7|13;6|6
Petronius,1|10;2|27;10|4;9|6
Peverus,5|14
Phaletrius,11|22;11|23
Phebadius,4|25
Philadelphus,5|10
Philaretus,4|8;4|6
Philastrius,4|9;7|18
Philemon,3|8;11|22
Philibertus,8|23;8|20;8|22
Philip,5|8;5|1;9|2;5|24;6|22;1|9;2|26;4|25;5|3;5|12;2|3;11|28;10|22;9|13
Philippa,7|25
Philipus,6|6
Phillibertus,7|20
Philomena,7|5
Philoronius,2|4
Philosophus,11|9
Photinus,11|1
Piala,3|23
Piatus,10|1;10|29;10|8
Pictus,6|4
Pientia,10|11
Pientius,3|13
Pierius,11|4
Pigmenius,10|31;3|24;2|17
Pilingottus,6|1
Pinnosa,2|28
Pipio,10|7
Pippinus,2|21
Piranus,5|2
Pirminius,7|23;11|3
Pius,5|1
Placida,10|11
Placidius,9|1
Placidus,5|7;7|11;10|5;6|5;5|6
Plautilla,5|20
Plechelmus,7|15
Plegmundus,8|2
Podius,5|28
Policetus,2|13
Polieuctus,1|10
Polycarpus,2|23;1|26;1|10;10|27
Polychronius,2|17
Polycrates,10|26
Polycratus,2|13
Polymnius,5|9
Polyxena,9|23
Poma,8|5;6|27
Pompeus,12|14
Pomponius,5|14
Pomposa,9|19
Pontia,5|20;6|6
Pontiana,2|27
Pontianus,12|2;10|30;7|9;2|20;1|19;1|14;11|12;11|20;11|19
Pontius,11|26;5|14;5|11;3|26
Poppo,6|16;1|25
Porcaria,10|8
Porcarius,6|5;5|31;8|12
Porphyrius,5|4;8|20
Portianus,11|24
Possennus,6|17
Possessor,5|4;12|4
Possidius,5|17;5|16
Potamius,1|31
Potentiana,11|20;5|19;5|26;11|19;4|17
Potentianus,3|8
Potentinus,6|18
Potentus,12|7
Potitus,1|13
Pragmatius,11|20;11|22
Prandotha,9|21;9|20
Praxedes,7|21
Praxedis,4|7
Precordius,2|1
Prejectus,2|26;9|23;1|25;7|12
Prestabilus,5|15
Pretextatus,2|24;4|14
Primaelus,5|15
Primerius,10|22
Primianus,8|31;4|28;2|23
Primitiva,7|23
Primitivus,7|12;4|26
Primus,11|1;6|8;6|9;1|7;5|6
Principinus,11|12
Principius,9|25;9|16
Prisca,1|18
Priscianus,9|16
Priscilla,7|8;1|16
Priscillianus,1|4
Priscus,1|4;2|25;9|2;9|1;6|13;5|9;3|28
Privatus,8|21;7|13;9|28
Proba,9|5;4|28
Probatius,2|4;6|1
Probus,5|26;3|6;11|10;10|6;3|15
Processus,7|7;7|11;7|14;7|3;7|1;7|2
Procopius,7|8;3|25;7|11;4|1;7|4;7|9
Procula,10|13
Proculus,1|1;6|1;8|18;2|16;7|12;11|4;4|14;12|1;4|9;2|17
Proficius,4|24
Profuturus,11|1
Projecticius,8|18
Prooulus,3|23;12|9;3|16
Prosdocimus,11|7
Prosperus,11|28;6|25;7|29;11|24;11|25
Protasius,11|6;11|24;8|4
Prothasia,10|8;5|20
Prothasius,6|18;6|19;3|25;6|16;12|13;6|26
Prothus,6|14
Protus,10|12
Provinus,3|8
Prudence,5|6
Prudentius,10|6;4|6;4|28;4|30;11|14
Psalmodius,3|8;6|13
Ptolomeus,8|24
Publius,2|19;2|20
Pudentius,5|19
Puellae,10|17
Pulcheria,2|18;9|10
Pulchronius,2|17;5|4;4|30
Pumicia,7|27
Pupillus,2|28
Pusinna,4|23
Quadragesimus,10|26
Quadraginta,1|8
Quadratus,8|21
Quarletus,11|20
Quartus,10|7;5|10
Quentin,3|29;10|30;10|4;4|30;9|5;7|13;5|2;11|3;10|31;11|7;2|24
Querelinus,10|11
Quillinius,2|13
Quingesius,12|5
Quinibertus,5|18
Quinidus,2|15
Quinocus,11|6;10|1;4|13
Quintianus,4|1;6|14;11|10
Quintilianus,2|12;4|30;10|27
Quintinianus,11|13;2|12
Quintolinus,3|8
Quintus,9|5;5|10
Quiriacus,3|6;12|19;5|1;4|15;6|17;5|4;2|12;9|20;8|12;8|23
Quiricianus,6|17
Quiricus,11|29
Quirilla,10|28;10|27;5|15;10|29
Quirin,4|30
Quirinus,4|29;10|15;10|20;6|16;10|29;10|27;3|24;3|25;3|27;3|30;3|31;4|30;6|2;6|4;6|7
Quiteria,5|22
Quoamalius,4|15
Quodvultdeuus,10|26
Rachildis,11|23
Racho,1|25;1|28;12|5
Radbodus,11|29;6|25
Radegund,1|30;1|29
Radegundis,8|14;8|7;8|11;8|12;8|13
Radulfus,6|21;12|30;4|30;3|14;8|16
Ragenulfa,7|14
Ragenulfus,11|9;5|27
Ragenutius,6|8
Ragnebertus,6|13;5|16
Rainerius,11|1
Rainerus,4|11
Raingardis,6|24
Ramirus,3|13
Ramuoldus,6|17
Randoaldus,2|21;2|11
Raphael,10|24
Rasianus,1|10
Rasiphus,7|24;7|23
Rasius,5|12
Rastragena,5|13
Ratfridus,12|3;7|22
Rathardus,8|8
Ratho,6|19;6|17
Ratus,3|12
Ravajartus,8|8
Ravellus,7|4
Ravennus,7|24
Ravenosa,12|8
Ravenus,7|23
Raverenus,2|3;6|1
Raymundus,7|3;1|23;2|1;6|21;7|4;1|7
Raynaldus,2|9;1|24
Raynerius,6|11;8|4;12|30;6|17
Reata,9|6
Redemptus,4|8
Redigund,1|29
Regenfledis,11|20;7|1;10|8
Regenswindis,7|15
Regina,6|1;9|6;9|9;6|20;9|5
Reginald,5|7;9|17;8|28
Reginardus,9|18
Reginbaldus,10|13
Reginbertus,12|3
Reginwaldus,8|20;8|21
Regnifridus,9|18
Regula,10|24;10|12;9|11
Regulus,3|30;4|23;3|31;9|1;10|17
Reimbertus,2|4;6|11;3|9
Reineldis,7|16
Reinoldus,1|7
Remaclus,9|3;6|25
Remedius,10|1;1|15
Remigius,1|13;10|28;10|12;10|1;5|7;1|19
Rene,11|12;10|6
Renovatus,3|31
Renula,2|6;3|22
Reolus,9|3;11|26
Reparata,10|8;10|13
Reparatus,10|21
Resignatus,12|1
Respicius,11|10
Restituta,5|1;5|17;5|27
Restitutus,5|29;6|10;11|7
Reverentius,9|12
Reversatus,7|26
Revocatus,5|29
Rheticius,7|26;5|15
Rhodippus,2|2
Ribarius,12|19
Ricfridus,10|5
Richardis,9|18
Richardus,4|3;12|30;6|9;3|25;3|30;9|22;6|14;2|8;6|16;10|5;2|7;1|28
Richarius,4|26;10|9
Richeza,3|21
Richildis,8|23;8|22
Rictrudes,5|12
Rictrudis,10|27;5|5
Rigaldus,10|7
Rigobert,1|4
Rigobertus,1|8;6|14
Rigomerus,8|24;1|17;5|28
Rimerius,8|25
Riocatus,6|21
Riocus,2|12;8|1
Riovennus,8|14
Rita,2|23;9|2;8|27;1|18;8|5;4|13;9|5;8|16;10|25;1|23;6|20;11|16;6|10;7|14;7|15;6|19;7|20;7|19;7|12;10|14;7|13;10|29;2|22;11|23
Ritbertus,9|15
Ritza,8|30
Rivalus,7|15
Rivoarius,9|19
Robert,3|27;9|24;10|1;5|15;8|31
Robustianus,8|31;5|24
Rocky,8|17;8|19;8|23;8|25;3|5;8|20;8|16
Rodanus,4|15
Roderick,3|13
Rodingus,9|17
Rodobaldus,10|12
Rodulfus,8|1;10|17;10|29;11|12;6|26
Rogatianus,5|24
Rogatus,6|10;12|1
Rogellius,9|16
Roger,3|5;4|23;12|30;10|15;3|1;1|5;8|8
Roland,1|16;9|15
Rolendis,5|13
Roman,11|18;8|24;2|28;11|24;11|7;10|24;10|23;10|6;8|9;6|26;5|22;5|17;6|13;4|13
Romana,10|3;2|23;12|16
Romareus,1|16
Romaricus,12|8
Romasius,8|25
Romeius,3|4
Romualdus,2|7;6|19
Romulaldus,6|26
Romulus,2|17;11|1;10|13;12|25;2|9;7|6
Ronanus,5|22;6|1
Ronnius,5|12
Rosa,8|24;9|4;8|30;8|26
Rosaline,7|15;9|4
Rosata,11|29
Rose,3|8
Rosius,5|16
Rosselina,1|17;6|11
Rostagnus,7|23
Rothadius,10|14
Rothaldus,10|22;9|22
Rotrudis,6|22
Rubianus,12|16;11|10
Rudesindus,3|1
Rudolfus,4|17
Ruellinus,2|28
Rufianus,10|25
Rufillus,7|18
Rufina,7|19;6|20;6|21;7|17;7|10
Rufinus,2|28;8|19;7|30;7|24;2|12;6|21;7|14;8|11;6|20;2|9;8|26;7|19
Rufus,11|19;11|14;11|12;11|7;8|27;11|28;5|11;8|26;11|21
Ruggus,11|14
Rumoldus,7|1;10|27;6|24;11|3
Rumonus,10|23;8|30;1|4
Rumpharius,11|18
Rumwoldus,11|3
Ruricus,10|17
Rusticianus,10|17;1|5
Rusticis,4|25
Rusticus,9|24;10|9;4|22;12|4;7|27;10|16;3|12;7|19;10|3;10|8;10|26;8|9;7|25;11|16;6|14;10|14
Sabaudus,11|26
Sabba,1|14
Sabbas,12|5
Sabianus,6|7;9|4
Sabine,1|29;1|30;1|31;10|24;7|20;8|29;3|31;9|4
Sabinianus,1|24;12|23;1|25;6|8;3|2;1|29
Sabinus,1|17;12|9;12|7;12|11;2|21;5|10;7|11;7|9;7|20;12|1;2|4;1|1;2|9;10|15;3|31
Sacerdos,5|5;9|12
Salaberga,9|22
Salarius,10|22
Sallustianus,6|8
Sallustius,5|21
Salman,6|21
Salomea,6|29
Salomes,11|27
Saluncianus,5|27
Salutarius,9|29
Salvator,3|18;1|3
Salvenius,10|17
Salvianus,5|4
Salvinus,9|10;10|12;11|10;9|4
Salvius,9|12;1|11;6|26;10|29;10|28;10|16;5|14;9|10
Salvus,2|10
Sampson,7|28
Sananus,3|8
Sancia,9|3;3|13;6|17;7|15;7|25
Sanctianus,9|6
Sanctinus,10|11;9|22;8|31
Sanctius,8|6
Sanctus,6|5
Sandalius,9|3
Sandradus,8|24
Saphirus,9|6
Sardus,11|16
Sarius,11|23
Sarona,5|28
Satirus,1|12
Sativola,8|1
Saturnia,6|4
Saturnina,5|1;5|20
Saturninus,11|29;10|30;6|6;1|9;6|16;3|7;4|7
Saturus,3|7
Satyrus,8|19;10|12;9|17
Sbigneus,12|10
Scariberga,7|18;10|2
Schetzelo,8|6
Sciabilus,5|27
Scolastica,2|11;2|10;7|11
Scothinus,1|2
Scubilio,4|16
Sebaldus,8|19;11|26;8|25
Sebastian,7|23;1|2;12|9;1|20;1|27
Sebastus,12|7
Sebbus,8|29
Secondinus,7|1
Secunda,7|10;7|17;7|19
Secundellus,4|29;8|1
Secundilla,3|2;5|17
Secundina,1|15;8|1
Secundus,1|13;8|26;6|2;3|28;11|15;3|30;6|1;4|18;5|2;5|21;3|29
Sedulius,2|12
Segolena,7|24
Sellanus,2|10
Sempronia,7|27
Senachus,8|27
Senanus,3|1;3|6;3|8;4|29
Senator,9|18;9|26;9|14;1|7;5|28
Senesius,1|4;4|20;4|9
Senochus,10|24;12|11
Senorina,4|22
Sentia,5|25
Septimus,4|18;9|5;9|22
Seraphin,10|12
Seraphina,9|8;9|9
Serapia,9|3;7|29
Serapio,11|14;10|24;9|12;10|30
Serapion,2|28
Serena,1|30;1|29;8|16
Serenedus,7|21
Serenicus,5|7
Serenus,8|2;10|2;6|28
Serge,10|6;10|7;10|8;9|25;6|7;7|27;9|9;8|14
Serlo,3|3;10|20
Seronius,8|20
Serotinus,9|22
Servandus,10|26;4|12;10|23
Servanus,7|1
Servatius,5|11;6|7;5|14;5|13;6|8
Servideus,9|16;1|13
Servulus,12|23;2|26;5|24
Sethrida,1|10
Seustadius,1|3
Seustius,1|29
Severa,7|20;6|25;1|29
Severianus,1|26;1|25
Severin,7|6;12|2;7|20;7|5;11|14;11|18;8|1;2|1;2|15;2|27;11|1;10|25;10|23;10|22;10|15;11|6;3|24;4|30;8|25;1|11;1|1;8|8;10|1
Sevo,7|9
Sevoldus,9|16;9|17;11|2
Sexburga,7|6
Siacrius,5|23
Siardus,11|1
Sicaria,2|2
Sicarius,3|26;5|2
Sicildis,6|22
Sicius,6|8
Sidney,11|14
Sidronius,7|3;7|1
Siffredus,9|12;11|27
Sigeboto,12|24
Sigfridus,2|15;8|22
Sigilinda,8|30
Siginaldus,1|21
Sigirannus,12|4
Sigisbaldus,7|7;10|26
Sigisbertus,7|11;8|7;9|17;8|17;2|1;10|29
Sigismundus,9|5;5|2;9|27;5|1;10|16;4|30
Sigo,2|10
Sigolinus,10|28
Sigrada,8|4
Siguinus,7|13
Silanus,1|2
Silas,11|28;7|13
Silaus,5|21
Silissa,10|25
Silvanus,6|13;5|5;10|16;9|28;9|23;9|17;9|22;2|10;4|20
Silverius,6|20
Silvestrus,5|10;4|15;4|9;1|2;1|7;12|31
Silvinus,1|26;2|16;2|15;2|17;9|12;2|10
Silvius,3|1;4|23;5|31
Simeon,2|16;7|27;7|26;6|1;2|2;4|21;4|19;10|8;1|5;2|18;2|9
Similinus,6|16
Simon,9|17;9|28;2|3;11|1;9|30;7|18;9|29;4|20;3|27;3|24
Simpertus,10|13;5|1
Simplicianus,8|13;8|16;8|15;5|31
Simplicius,3|1;5|15;6|14;11|20;3|2;11|19;6|24;6|25;6|18;1|14;10|22;5|2;2|11;2|3
Sindulfus,12|10;10|20
Sinnicius,9|1
Sinotus,9|7
Sirenatus,2|23
Siricius,11|26
Sisebutus,3|15
Sisenandus,7|16
Sisinnius,11|16;5|11;11|15;5|29;7|27;7|23;7|22;11|29;8|15;7|14
Sisintrudis,5|7
Siviardus,3|1
Sixtus,5|17;5|7;9|1;4|6;3|28
Socrates,9|17
Sodelbia,11|10
Sodoardus,2|25
Sodon,1|25
Solenne,9|24;9|25
Solina,10|17
Sollicitus,3|6
Solomon,9|28;3|13
Solon,2|17
Solongia,5|10
Solutor,11|13;1|20;11|20
Sonnatius,10|20
Sophia,3|23;9|30;4|30;9|3;5|10;5|15;7|1;1|24;9|23
Sorus,2|1
Sosius,9|19;9|23
Soterius,5|15
Sothea,4|1
Sother,4|21;4|22
Sotheris,2|10;2|11
Spacius,11|10
Speciosa,10|15;6|18
Speciosus,3|15
Sperandia,9|11
Sperandius,3|21;1|15
Speus,5|10;3|28
Spinulus,7|11;8|1
Stabilus,1|1
Stacteus,9|28
Stanley,5|7;5|8;10|6;4|22;4|11
Stapinus,8|6
Stephana,1|16
Stephanie,9|18
Steven,7|20;3|29;9|7;9|17;11|21;8|3;5|30;6|2;7|5;7|13;8|19;1|16;2|8;2|13;3|8;3|17;4|27;5|29;5|7;10|25;9|2;12|31;8|27;8|23;8|21;1|2;8|20;8|15;12|26;11|20;8|6;5|9;1|13;10|29;8|9;11|6;11|18
Stila,7|19
Stolbrandus,3|4
Stratonicus,7|24
Sturmus,12|17
Successus,12|8
Suederus,11|19
Sulinus,10|1;7|29;11|8;5|23;5|17
Sulpicius,1|18;1|15;1|17;1|27;9|4;1|24;11|14;2|9
Sumberga,3|16
Sunderoldus,6|26
Supporina,8|24;1|24
Sura,2|10
Suranus,1|24
Susan,1|25;2|9;8|11
Svibertus,5|9;3|1
Svithunus,7|16;7|21;7|2;10|30;7|15
Syagrius,8|27;11|12;4|11
Sylvester,11|20
Sylvestrrus,6|9
Sylvia,11|3
Symmachus,9|7;4|6;7|19
Symphorianus,8|22;8|21;10|17;8|25
Symphronius,12|3;7|26
Synesius,5|4;12|12
Syra,10|23;6|8
Syrus,12|9;5|17;6|29;8|31
Tadecus,12|2
Talaricanus,10|30
Tammarus,10|15;1|16
Tancha,10|10
Tanco,2|16
Tanneguidus,3|12;11|18
Tarahata,8|11
Tarasia,3|13;6|17;7|15;9|3
Tarjecus,1|20
Tarlatus,5|15
Tarsicia,1|15
Taso,1|11
Tassilo,12|13
Tata,9|8
Tato,12|11
Tatvinus,7|30;7|3
Tatyana,1|12
Taureta,5|1
Taurinus,8|11
Tegulus,10|25
Telesphorus,2|4
Teliaus,2|9
Tenestina,8|24;8|26
Terence,5|16;9|27;7|30;7|15;10|29;9|28;9|24
Terentianus,9|1
Teresia,10|15
Ternacus,8|8
Ternanus,6|12
Ternocus,10|11
Tertulinus,7|31;8|4
Tertullianus,4|27
Tethvius,1|11
Tetradius,2|16
Tetricus,4|12;10|6;3|18
Tetta,12|17
Teuteria,5|5
Teutilla,5|12
Teuto,9|13
Thalasius,10|30
Tharatta,2|9
Tharsicius,8|15
Tharsilla,12|24
Thecla,6|1;10|15;1|10;2|15
Thegonitus,9|6
Theneva,7|18
Theobald,5|21;10|3;12|8;7|3;7|9;7|8;9|13;5|16;11|6;7|1;6|30;7|2
Theoctistus,1|4
Theodaldus,8|31;5|16
Theodardus,9|10;5|1
Theodechild,6|28
Theodechildis,10|10
Theodemirus,7|25;11|19
Theodericus,10|30;10|14;8|24;8|5;8|1;7|1;3|29;2|2;1|27;10|29;10|23;9|7
Theodogarus,10|30
Theodola,3|26
Theodora,9|17;4|1;2|6
Theodore,11|10;11|1;3|28;9|25;9|19;3|23;5|18;1|2;5|5;5|9;5|13;5|19;5|20;5|26;8|21;1|13;2|7;3|19;1|5;8|8;3|24;5|3;11|9;8|17
Theodosia,7|23;7|17;4|3;12|22;2|7;4|1;4|2
Theodosius,7|17;2|14;10|25;4|1;4|2
Theodulfus,6|20;5|1;6|24
Theofredus,11|18;10|9;10|19;1|26
Theognis,1|5
Theonestus,11|20;10|30
Theophana,1|26
Theophanus,7|9
Theophilus,2|6;4|27;3|5;10|13
Theopompus,1|4
Theoritgida,1|26;12|24
Theotonius,2|18
Thesidius,4|1
Thethmarus,5|17
Thiathildis,1|30
Thiemon,4|19;9|28
Thodolus,9|17
Thomas,12|29;8|25;3|9;3|22;2|28;7|7;7|12;7|14;9|10;10|1;12|10;7|4;7|3;12|20;10|2;12|30;6|7;7|10;1|5
Thomasellus,3|17
Thorfinnus,1|8
Thorkillus,11|12
Thraso,12|11
Thuribius,4|16
Thyrsus,1|26;1|28
Tibba,12|13
Tiberius,11|10
Tibertius,8|11;7|14
Tiburtius,4|14;10|11;8|12
Tigernacus,4|4;4|5;11|4
Tigridii,2|16
Tigrinus,2|11
Tigris,6|25
Tilbertus,9|7
Tillo,1|7
Timothy,4|7;5|22;2|12;8|25;5|15;10|17;3|24;8|21;8|22;8|23;3|5;1|24;5|21
Titianus,5|4;3|3;1|16;5|1
Titus,1|4
Tobias,9|12;9|19
Tola,3|3
Tomassus,3|25
Torellus,3|16
Torlacus,7|20;12|23
Torpetis,4|29
Torpetius,5|17
Torquatus,2|1;6|14;5|1;5|5;5|15;1|30;1|31
Torquetis,5|1
Torquetus,5|15
Toscana,7|14
Tozzo,1|16
Tranquilinus,7|6
Tranquillus,3|15
Tranus,6|21
Trepeta,5|7
Tresanus,2|7
Treverius,1|16
Treverus,10|4
Triduana,10|8
Tripho,11|10
Triphon,2|3
Trojanus,2|10;11|30
Trojecia,6|9
Trojecius,10|17
Trophima,7|5;11|5
Trophimus,12|29;9|18;9|19;9|30
Trudbertus,4|26
Trudo,10|1;8|11
Tryphonia,10|18
Tudinus,5|9
Tudonus,5|17
Tudyr,10|26
Tugdonia,10|25
Tugdonus,10|25
Tugdualus,11|30
Tujanus,2|1
Tullia,10|5
Turbonus,1|17
Turianus,7|13
Turibius,11|11;4|15;4|8;4|16;8|25;7|24
Turketulus,7|11
Turpinus,7|26
Turturinus,9|28
Tusca,7|10;5|5
Tussanus,11|25
Tutilo,3|28
Tutius,9|9
Tuto,10|10
Tyrsus,9|24;9|28
Ubaldesca,5|28
Udegeba,6|28
Udevolda,8|12
Ugolinus,3|21
Uguzon,7|12;7|13
Ulfacius,9|9
Ulfricus,2|17;2|20
Ulfridus,1|18
Ulphia,1|31
Ulphinus,3|20
Ulphus,1|22
Ulric,4|4;7|10;7|4;8|10;7|11
Ultanus,5|1
Ulto,12|18
Uniacus,8|2
Unnis,10|21
Urban,1|22;11|23;12|7;5|25;5|24;12|19;4|2;12|6;1|23
Urbicius,3|20
Urbicus,4|3
Urbitius,6|3;12|15;5|30
Ursicinus,12|1;6|21;7|23;8|23;9|5;7|24;12|20
Ursinicus,2|1
Ursio,9|29
Ursius,5|3
Ursmarus,4|18;4|19
Ursulina,4|7
Ursus,7|26;5|15;9|30;7|25;4|13;2|1;7|28;7|30
Uto,10|3
Vale,5|21
Valentianus,8|20
Valentine,2|13;7|26;1|7;8|4;10|25;7|16;11|11;11|4;2|15;4|29;7|4;5|21;5|2;2|14;11|14;3|16;6|7;5|16;12|10;12|16;11|13
Valentinianus,11|3
Valericus,1|10;4|1;12|12
Valerie,12|9;12|2;12|10;4|28
Valerius,1|16;7|24;6|9;10|23;10|22;7|23;1|29;3|15;6|3;9|15;7|5;10|20;1|22;1|28
Valus,5|16
Vandalenus,10|21
Vando,4|17
Vaningus,1|9
Varinus,8|19;8|25;10|2;8|26
Varocus,2|17
Vasius,4|16
Vedardus,3|1
Vedastus,10|27;2|6;2|7;7|15;2|12;10|26
Venantius,10|11;8|5;5|18;10|10;11|16;10|13
Venerandus,1|18;12|25;11|14;5|25
Veneria,7|28
Venerius,3|1;9|11;5|4;9|13;5|6
Ventura,4|24;4|30;5|3
Venturas,9|7
Venustianus,4|18
Venustus,5|22;8|21;8|19
Vera,8|24;1|24
Veranus,9|9;10|19;11|13;11|12;11|10;9|10;11|11
Verdiana,2|1
Verecundus,10|22
Veredemius,8|23
Veredemus,6|17
Verembaldus,11|10
Veremundus,6|15;3|8;2|13
Verena,8|31;9|2;9|1
Vernagalus,4|20
Verona,8|29
Veronica,1|13;2|4;7|9
Veronus,3|30;1|31
Vertoaria,12|4
Verulus,6|17
Verus,8|1;10|23
Veterinus,2|23
Viator,5|29;8|9;12|14;8|5;10|21
Viatorus,1|1
Vicelinus,12|22;12|12
Vicentius,9|23
Vicinius,8|28
Victor,3|30;7|21;10|10;5|13;10|11;7|20;7|24;10|31;11|13;4|26;9|18;9|30;2|20;2|9;5|14;4|4;8|31;4|2;3|29;9|10;9|16;3|6;9|23;2|8;4|20;8|26;4|12;8|27;11|14;12|6;12|7;4|18;2|26;2|25;2|15;10|17
Victoria,11|17;4|24;12|23
Victorianus,3|23;1|12
Victoricus,6|27;4|18;5|7;5|8;12|11;10|30
Victorinus,11|2;12|2;10|17;3|7;5|8;5|16;2|25;3|6;11|11;3|5;9|5;9|29;4|15;6|8;1|5;6|13;7|24
Victricius,8|7
Victrix,12|5
Victurius,9|1;9|2
Victurnianus,9|30
Vidianus,9|8
Vigianus,1|4
Vigilius,6|26;3|11;6|27;7|10;9|26;1|31;2|6
Vigintus,6|6
Vigor,11|3;11|1;7|14
Vilbeta,9|16
Villanus,5|7
Villicus,4|17
Vinardus,10|11
Vincencianus,1|2
Vincent,9|15;4|9;4|19;5|24;6|1;9|11;7|5;2|4;6|2;8|21;5|16;1|30;1|29;1|22;9|6;3|11;6|9;7|24;6|7;9|1;10|17;9|3
Vinciana,9|11
Vindemial,5|2;2|28;2|1
Vindemialis,6|1
Vindicianus,3|11;3|12;6|25
Vintilla,12|23
Violantha,12|28
Violet,5|3
Virgana,1|7
Virgil,2|16;9|26;10|1;10|10;11|27;12|4;3|5
Virilus,10|1
Vissia,4|12
Vital,4|23;10|20;2|6;11|4;4|28;4|21;6|20;10|16;5|31;1|7;1|8;5|22;1|9;12|2;9|22;7|23;2|14;11|27
Vitales,9|16
Vitalianus,12|30;2|14;1|27;7|16
Vitalina,2|21;12|13
Vito,11|9
Viventia,3|17
Viventianus,8|4
Viventiolus,7|12
Viventius,1|14;9|7;12|11;1|13
Vivina,12|17
Vladislav,6|27;7|4
Vodoalus,2|5
Volcwanus,11|13
Volkerus,3|7
Volocus,1|29
Volusianus,1|18
Votus,5|29
Vulbandus,5|10
Vulfinus,7|12
Vulganius,11|2
Vulgisus,2|4;10|1
Vulmarus,7|20;6|17
Vulsinus,1|8
Vulstanus,6|7;1|19
Walabonsus,6|7
Waldericus,10|16;7|8
Waldetrud,2|3
Waldetrudis,4|9
Waldrada,5|5
Walfridus,7|22;12|3;2|15
Walherus,6|23
Walimbertus,12|31
Walpertus,5|2
Walpurgis,2|25;10|12;8|4;5|1
Waltenus,8|3
Walter,5|11;4|8;5|4;6|4
Wambertus,6|26
Wandregisilus,7|22;7|23
Wasnulphus,10|1
Wenceslas,10|5
Wendalinus,2|3;7|5;10|21;4|24
Wenefreda,11|3
Weomadus,11|6;11|8
Werburg,2|3
Werenfridus,8|27;8|14
Wernerus,4|19
Werricus,5|12
Wibaldus,5|12
Wiborada,5|2
Wicbertus,5|23;5|15;8|13;9|23
Widradus,10|3
Wihon,4|20
Wilbert,4|1;2|13;2|4;6|6;10|3
Wilfrida,9|9
Wilfridus,4|24;4|29
Willebaldus,7|22;4|22
Willebertus,9|11
Willebrordus,11|7;11|9;11|6;10|19
Willegisus,2|23
Willehadus,11|6;11|8;11|9;11|7;7|13
Willeicius,3|2
Willeicus,3|7
William,2|15;4|20;4|21;5|10;5|23;6|25;7|4;10|21;12|18;4|6;1|16;1|8;6|8;5|7;6|15;9|4;6|16;5|28;5|14;11|30;1|9;1|10;3|25
Willibaldus,7|7
Winocus,11|6;4|13;10|1
Winwaloeus,3|3
Wiro,5|8
Wistan,6|1
Witburga,3|17;7|8
Witesindus,5|15
Wittekindus,1|7
Woislawa,11|22
Wolbodo,4|30;4|21;4|20
Wolfgangus,10|30;10|7;10|31;10|29;6|20
Wolfhelmus,4|22
Wolfholdus,2|1
Worbeta,9|16
Wulferus,12|11
Wulfetrudis,11|23
Wulfgagius,6|7
Wulfhadus,7|24
Wulfhildis,9|9
Wulfrannus,10|15;3|20
Wunnebaldus,7|7;12|18
Xantippa,9|23
Xira,3|13
Ychardus,8|24
Yrchardus,8|23
Yrmina,12|24
Zachary,9|6;3|14;10|28;5|26;5|27;3|3;3|15;5|3
Zacheus,8|23
Zama,1|24
Zebellus,5|24
Zeno,4|12;12|8;10|17;5|16;5|21;7|9;7|8;6|22;6|23;9|2;7|13;2|12
Zenobius,5|2
Zetto,7|10
Zita,4|27
Zoilus,10|6;6|27;12|27
Zosima,7|15
Zosimus,12|26;3|30
Zothicus,2|10
Zwentiboldus,8|13
Zwentoslawi,4|15